-- =========================================================
-- RESPALDO DE DATOS POS LYFRGL
-- Generado automáticamente en: 2026-06-05T18:20:33.986Z
-- =========================================================

-- =========================================================
-- DATOS DE LA TABLA: Branch (3 registros)
-- =========================================================
SET IDENTITY_INSERT [dbo].[Branch] ON;

INSERT INTO [dbo].[Branch] ([id], [name], [address], [phone], [active], [createdAt], [updatedAt]) VALUES (1, 'Sucursal Centro LYFRGL', 'Av. Principal #100, Col. Centro, LYFRGL City', '555-0199', 1, '2026-06-01 14:40:33.680', '2026-06-04 12:29:42.027');
INSERT INTO [dbo].[Branch] ([id], [name], [address], [phone], [active], [createdAt], [updatedAt]) VALUES (2, 'Sucursal Norte LYFRGL', 'Blvd. Colosio #405, Plaza Norte, LYFRGL City', '555-0211', 1, '2026-06-01 16:13:11.522', '2026-06-04 12:29:42.976');
INSERT INTO [dbo].[Branch] ([id], [name], [address], [phone], [active], [createdAt], [updatedAt]) VALUES (3, 'Sucursal Poniente LYFRGL', 'Av. Ruiz Cortines #89, Plaza Poniente, LYFRGL City', '555-0233', 1, '2026-06-01 16:13:11.610', '2026-06-04 12:29:43.884');

SET IDENTITY_INSERT [dbo].[Branch] OFF;
GO

-- =========================================================
-- DATOS DE LA TABLA: User (10 registros)
-- =========================================================
SET IDENTITY_INSERT [dbo].[User] ON;

INSERT INTO [dbo].[User] ([id], [email], [passwordHash], [pinCode], [name], [role], [active], [phone], [baseSalary], [commissionRate], [branchId], [createdAt], [updatedAt]) VALUES (1, 'admin@fmb.com', '$2a$10$jDrjYUyCRMUfaiQC..DXR.MX//0/uMUp/wxHnXNa5TQH3prkd.UEO', '$2a$10$nOYarX04I4jomfkRxLxJDemREqPV839Vht6su7G/0SwaliQk.ThPe', 'Administrador LYFRGL', 'ADMIN', 1, NULL, NULL, NULL, 1, '2026-06-01 14:40:33.820', '2026-06-04 12:29:45.982');
INSERT INTO [dbo].[User] ([id], [email], [passwordHash], [pinCode], [name], [role], [active], [phone], [baseSalary], [commissionRate], [branchId], [createdAt], [updatedAt]) VALUES (3, 'juan.centro@fmb.com', '$2a$10$Bcsmn0Cu1rEtYgKK0TlPmeS0fh3kJfmiE9nFNPBm0kmZUVCo0zERO', '$2a$10$wxjXF55FbEQ.sJ84yIXmVOH7XkHEBb3tJO3vzWOt9TQoqm0o8afZq', 'Juan Cajero', 'CAJERO', 1, NULL, NULL, NULL, 1, '2026-06-01 16:13:11.852', '2026-06-04 12:29:46.923');
INSERT INTO [dbo].[User] ([id], [email], [passwordHash], [pinCode], [name], [role], [active], [phone], [baseSalary], [commissionRate], [branchId], [createdAt], [updatedAt]) VALUES (4, 'maria.centro@fmb.com', '$2a$10$Bcsmn0Cu1rEtYgKK0TlPmeS0fh3kJfmiE9nFNPBm0kmZUVCo0zERO', '$2a$10$HXLK7I2VTyXbPpn6kX1To./wzB3mlbE2YDGfKMLFe5KrtozTdgt5S', 'María Cajera', 'CAJERO', 1, NULL, NULL, NULL, 1, '2026-06-01 16:13:11.925', '2026-06-04 12:29:47.861');
INSERT INTO [dbo].[User] ([id], [email], [passwordHash], [pinCode], [name], [role], [active], [phone], [baseSalary], [commissionRate], [branchId], [createdAt], [updatedAt]) VALUES (5, 'gerente.norte@fmb.com', '$2a$10$Bcsmn0Cu1rEtYgKK0TlPmeS0fh3kJfmiE9nFNPBm0kmZUVCo0zERO', '$2a$10$sPb9VD2qXeF1Ki0Fgh89gewqmC/By9pxcuU2bIUdoK6NYhaxxi7S2', 'Gerente Sucursal Norte', 'GERENTE', 1, NULL, NULL, NULL, 2, '2026-06-01 16:13:11.932', '2026-06-04 12:29:48.809');
INSERT INTO [dbo].[User] ([id], [email], [passwordHash], [pinCode], [name], [role], [active], [phone], [baseSalary], [commissionRate], [branchId], [createdAt], [updatedAt]) VALUES (6, 'carlos.norte@fmb.com', '$2a$10$Bcsmn0Cu1rEtYgKK0TlPmeS0fh3kJfmiE9nFNPBm0kmZUVCo0zERO', '$2a$10$qmNUdUzUcs2JojzxmFTL.e7I6oKiBuuH1GQgb.KwN1tm3Riyl5.l2', 'Carlos Cajero', 'CAJERO', 1, NULL, NULL, NULL, 2, '2026-06-01 16:13:11.988', '2026-06-04 12:29:49.929');
INSERT INTO [dbo].[User] ([id], [email], [passwordHash], [pinCode], [name], [role], [active], [phone], [baseSalary], [commissionRate], [branchId], [createdAt], [updatedAt]) VALUES (7, 'sofia.norte@fmb.com', '$2a$10$Bcsmn0Cu1rEtYgKK0TlPmeS0fh3kJfmiE9nFNPBm0kmZUVCo0zERO', '$2a$10$ddA.6bVbXZs6/XUwlvdlFul8Oljs42e4zTQFXJGrtRy314O5bqyFq', 'Sofía Cajera', 'CAJERO', 1, NULL, NULL, NULL, 2, '2026-06-01 16:13:12.054', '2026-06-04 12:29:51.072');
INSERT INTO [dbo].[User] ([id], [email], [passwordHash], [pinCode], [name], [role], [active], [phone], [baseSalary], [commissionRate], [branchId], [createdAt], [updatedAt]) VALUES (8, 'gerente.poniente@fmb.com', '$2a$10$Bcsmn0Cu1rEtYgKK0TlPmeS0fh3kJfmiE9nFNPBm0kmZUVCo0zERO', '$2a$10$S5LM6aRUs0dM6tat2M9jGuV8q8saa4tfDbhaSUmDJkTx3c46cLyci', 'Gerente Sucursal Poniente', 'GERENTE', 1, NULL, NULL, NULL, 3, '2026-06-01 16:13:12.062', '2026-06-04 12:29:52.028');
INSERT INTO [dbo].[User] ([id], [email], [passwordHash], [pinCode], [name], [role], [active], [phone], [baseSalary], [commissionRate], [branchId], [createdAt], [updatedAt]) VALUES (9, 'ana.poniente@fmb.com', '$2a$10$Bcsmn0Cu1rEtYgKK0TlPmeS0fh3kJfmiE9nFNPBm0kmZUVCo0zERO', '$2a$10$JgdpssCfZMyW0o6jJJBGFObrnGtsNduum3QVGNJ5DSJbvB500nIny', 'Ana Cajera', 'CAJERO', 1, NULL, NULL, NULL, 3, '2026-06-01 16:13:12.117', '2026-06-04 12:29:52.966');
INSERT INTO [dbo].[User] ([id], [email], [passwordHash], [pinCode], [name], [role], [active], [phone], [baseSalary], [commissionRate], [branchId], [createdAt], [updatedAt]) VALUES (10, 'pedro.poniente@fmb.com', '$2a$10$Bcsmn0Cu1rEtYgKK0TlPmeS0fh3kJfmiE9nFNPBm0kmZUVCo0zERO', '$2a$10$neMmn8pB.Gp6E9enBti1..OJJ8JKS7s0jxcLFykfPXcy5nHlq9vXy', 'Pedro Cajero', 'CAJERO', 1, NULL, NULL, NULL, 3, '2026-06-01 16:13:12.176', '2026-06-04 12:29:53.922');
INSERT INTO [dbo].[User] ([id], [email], [passwordHash], [pinCode], [name], [role], [active], [phone], [baseSalary], [commissionRate], [branchId], [createdAt], [updatedAt]) VALUES (11, 'cajero@fmb.com', '$2a$10$sUsvpfxeTfA36Kak5sKewOb68IwXErTfg7BRt2jGSZSWRIeqH/ebO', '$2a$10$/4EXHPYf2hQltH2dQIYS4uvzmOuXmCkU0joBG/9f6xl8zglRTdJB2', 'Juan Cajero (Acceso Rápido)', 'CAJERO', 1, NULL, NULL, NULL, 1, '2026-06-01 16:13:12.236', '2026-06-04 12:29:45.045');

SET IDENTITY_INSERT [dbo].[User] OFF;
GO

-- =========================================================
-- DATOS DE LA TABLA: Product (15 registros)
-- =========================================================
SET IDENTITY_INSERT [dbo].[Product] ON;

INSERT INTO [dbo].[Product] ([id], [sku], [barcode], [name], [description], [costPrice], [sellPrice], [active], [isReturnable], [returnWindowDays], [trackingType], [satProductKey], [satUnitKey], [createdAt], [updatedAt]) VALUES (1, 'PROD-001', '7501001100223', 'Coca Cola Original 600ml', 'Bebida refrescante sabor original', 12.5, 18, 1, 1, 30, 'NONE', '01010101', 'H87', '2026-06-01 14:40:34.007', '2026-06-05 10:17:09.438');
INSERT INTO [dbo].[Product] ([id], [sku], [barcode], [name], [description], [costPrice], [sellPrice], [active], [isReturnable], [returnWindowDays], [trackingType], [satProductKey], [satUnitKey], [createdAt], [updatedAt]) VALUES (2, 'PROD-002', '7501031302833', 'Papas Sabritas Sal 50g', 'Papas fritas con sal de mesa', 11, 17, 1, 1, 30, 'NONE', '01010101', 'H87', '2026-06-01 16:13:12.289', '2026-06-04 12:30:08.298');
INSERT INTO [dbo].[Product] ([id], [sku], [barcode], [name], [description], [costPrice], [sellPrice], [active], [isReturnable], [returnWindowDays], [trackingType], [satProductKey], [satUnitKey], [createdAt], [updatedAt]) VALUES (3, 'PROD-003', '7501000122238', 'Pan Blanco Bimbo Grande', 'Pan de caja clásico esponjoso', 32, 45, 1, 1, 30, 'NONE', '01010101', 'H87', '2026-06-01 16:13:12.324', '2026-06-04 12:30:11.279');
INSERT INTO [dbo].[Product] ([id], [sku], [barcode], [name], [description], [costPrice], [sellPrice], [active], [isReturnable], [returnWindowDays], [trackingType], [satProductKey], [satUnitKey], [createdAt], [updatedAt]) VALUES (4, 'PROD-004', '7501055303496', 'Galletas Chokis 90g', 'Galletas con chispas sabor chocolate', 14, 21, 1, 1, 30, 'NONE', '01010101', 'H87', '2026-06-01 16:13:12.342', '2026-06-04 12:30:13.737');
INSERT INTO [dbo].[Product] ([id], [sku], [barcode], [name], [description], [costPrice], [sellPrice], [active], [isReturnable], [returnWindowDays], [trackingType], [satProductKey], [satUnitKey], [createdAt], [updatedAt]) VALUES (5, 'PROD-005', '7501008023648', 'Leche Entera Lala 1L', 'Leche pasteurizada adicionada con vitaminas', 18.5, 26, 1, 1, 30, 'NONE', '01010101', 'H87', '2026-06-01 16:13:12.359', '2026-06-04 12:30:16.735');
INSERT INTO [dbo].[Product] ([id], [sku], [barcode], [name], [description], [costPrice], [sellPrice], [active], [isReturnable], [returnWindowDays], [trackingType], [satProductKey], [satUnitKey], [createdAt], [updatedAt]) VALUES (6, 'PROD-006', '7501055310869', 'Agua Purificada Ciel 1L', 'Agua de mesa purificada sin gas', 7.9, 12.9, 0, 1, 30, 'NONE', '01010101', 'H87', '2026-06-01 16:13:12.387', '2026-06-05 11:57:59.931');
INSERT INTO [dbo].[Product] ([id], [sku], [barcode], [name], [description], [costPrice], [sellPrice], [active], [isReturnable], [returnWindowDays], [trackingType], [satProductKey], [satUnitKey], [createdAt], [updatedAt]) VALUES (7, 'PROD-007', '7501008023655', 'Té Helado Peach 500ml', 'Té helado sabor durazno', 10, 15, 1, 1, 30, 'NONE', '01010101', 'H87', '2026-06-04 10:23:16.047', '2026-06-04 12:30:21.281');
INSERT INTO [dbo].[Product] ([id], [sku], [barcode], [name], [description], [costPrice], [sellPrice], [active], [isReturnable], [returnWindowDays], [trackingType], [satProductKey], [satUnitKey], [createdAt], [updatedAt]) VALUES (8, 'PROD-008', '7501008023662', 'Agua Mineral Epura Natural 500ml', 'Agua mineralizada de manantial', 8, 12, 1, 1, 30, 'NONE', '01010101', 'H87', '2026-06-04 10:23:22.273', '2026-06-04 17:23:37.603');
INSERT INTO [dbo].[Product] ([id], [sku], [barcode], [name], [description], [costPrice], [sellPrice], [active], [isReturnable], [returnWindowDays], [trackingType], [satProductKey], [satUnitKey], [createdAt], [updatedAt]) VALUES (9, 'PROD-009', '7501008023679', 'Néctar de Mango 1L', 'Jugo de néctar de mango natural', 15, 22, 1, 1, 30, 'NONE', '01010101', 'H87', '2026-06-04 10:23:29.958', '2026-06-04 12:30:26.148');
INSERT INTO [dbo].[Product] ([id], [sku], [barcode], [name], [description], [costPrice], [sellPrice], [active], [isReturnable], [returnWindowDays], [trackingType], [satProductKey], [satUnitKey], [createdAt], [updatedAt]) VALUES (10, 'PROD-010', '7501008023686', 'Chocolate con Leche 100g', 'Barra de chocolate cremoso con leche', 20, 30, 1, 1, 30, 'NONE', '01010101', 'H87', '2026-06-04 10:23:35.586', '2026-06-04 12:30:28.381');
INSERT INTO [dbo].[Product] ([id], [sku], [barcode], [name], [description], [costPrice], [sellPrice], [active], [isReturnable], [returnWindowDays], [trackingType], [satProductKey], [satUnitKey], [createdAt], [updatedAt]) VALUES (11, 'TEST-SKU-999', '999999999999', 'Donas', 'Duces', 150, 250, 0, 1, 30, 'NONE', '01010101', 'H87', '2026-06-04 12:05:41.178', '2026-06-05 12:07:53.842');
INSERT INTO [dbo].[Product] ([id], [sku], [barcode], [name], [description], [costPrice], [sellPrice], [active], [isReturnable], [returnWindowDays], [trackingType], [satProductKey], [satUnitKey], [createdAt], [updatedAt]) VALUES (12, 'PROD-012', '12334446789', 'Leche fresa', NULL, 20, 25, 1, 1, 30, 'NONE', '01010101', 'H87', '2026-06-04 12:14:44.140', '2026-06-04 12:14:44.140');
INSERT INTO [dbo].[Product] ([id], [sku], [barcode], [name], [description], [costPrice], [sellPrice], [active], [isReturnable], [returnWindowDays], [trackingType], [satProductKey], [satUnitKey], [createdAt], [updatedAt]) VALUES (13, 'PROD-013', '12345678990', 'Chocolate', 'Avellana', 40, 50, 1, 1, 30, 'NONE', '01010101', 'H87', '2026-06-04 13:06:52.402', '2026-06-04 13:15:59.189');
INSERT INTO [dbo].[Product] ([id], [sku], [barcode], [name], [description], [costPrice], [sellPrice], [active], [isReturnable], [returnWindowDays], [trackingType], [satProductKey], [satUnitKey], [createdAt], [updatedAt]) VALUES (14, 'PROD-100', NULL, 'Hielos bien frios', 'hielos bien frios para bebidas', 45, 52, 1, 1, 30, 'NONE', '01010101', 'H87', '2026-06-04 16:08:11.203', '2026-06-04 16:12:50.037');
INSERT INTO [dbo].[Product] ([id], [sku], [barcode], [name], [description], [costPrice], [sellPrice], [active], [isReturnable], [returnWindowDays], [trackingType], [satProductKey], [satUnitKey], [createdAt], [updatedAt]) VALUES (15, '"#"#"#"#', '1', '!"$"$#"$#', '"$#"$####"$#"""2', 151, 1, 1, 1, 30, 'NONE', 'AFRBVDE', '1', '2026-06-05 12:16:07.903', '2026-06-05 12:16:07.903');

SET IDENTITY_INSERT [dbo].[Product] OFF;
GO

-- =========================================================
-- DATOS DE LA TABLA: Inventory (40 registros)
-- =========================================================
SET IDENTITY_INSERT [dbo].[Inventory] ON;

INSERT INTO [dbo].[Inventory] ([id], [productId], [branchId], [quantity], [minStock], [maxStock]) VALUES (1, 1, 1, 120, 10, 150);
INSERT INTO [dbo].[Inventory] ([id], [productId], [branchId], [quantity], [minStock], [maxStock]) VALUES (2, 1, 2, 138, 10, 150);
INSERT INTO [dbo].[Inventory] ([id], [productId], [branchId], [quantity], [minStock], [maxStock]) VALUES (3, 1, 3, 90, 10, 150);
INSERT INTO [dbo].[Inventory] ([id], [productId], [branchId], [quantity], [minStock], [maxStock]) VALUES (4, 2, 1, 65, 10, 150);
INSERT INTO [dbo].[Inventory] ([id], [productId], [branchId], [quantity], [minStock], [maxStock]) VALUES (5, 2, 2, 116, 10, 150);
INSERT INTO [dbo].[Inventory] ([id], [productId], [branchId], [quantity], [minStock], [maxStock]) VALUES (6, 2, 3, 91, 10, 150);
INSERT INTO [dbo].[Inventory] ([id], [productId], [branchId], [quantity], [minStock], [maxStock]) VALUES (7, 3, 1, 94, 10, 150);
INSERT INTO [dbo].[Inventory] ([id], [productId], [branchId], [quantity], [minStock], [maxStock]) VALUES (8, 3, 2, 96, 10, 150);
INSERT INTO [dbo].[Inventory] ([id], [productId], [branchId], [quantity], [minStock], [maxStock]) VALUES (9, 3, 3, 145, 10, 150);
INSERT INTO [dbo].[Inventory] ([id], [productId], [branchId], [quantity], [minStock], [maxStock]) VALUES (10, 4, 1, 125, 10, 150);
INSERT INTO [dbo].[Inventory] ([id], [productId], [branchId], [quantity], [minStock], [maxStock]) VALUES (11, 4, 2, 119, 10, 150);
INSERT INTO [dbo].[Inventory] ([id], [productId], [branchId], [quantity], [minStock], [maxStock]) VALUES (12, 4, 3, 96, 10, 150);
INSERT INTO [dbo].[Inventory] ([id], [productId], [branchId], [quantity], [minStock], [maxStock]) VALUES (13, 5, 1, 121, 10, 150);
INSERT INTO [dbo].[Inventory] ([id], [productId], [branchId], [quantity], [minStock], [maxStock]) VALUES (14, 5, 2, 134, 10, 150);
INSERT INTO [dbo].[Inventory] ([id], [productId], [branchId], [quantity], [minStock], [maxStock]) VALUES (15, 5, 3, 81, 10, 150);
INSERT INTO [dbo].[Inventory] ([id], [productId], [branchId], [quantity], [minStock], [maxStock]) VALUES (16, 6, 1, 111, 10, 150);
INSERT INTO [dbo].[Inventory] ([id], [productId], [branchId], [quantity], [minStock], [maxStock]) VALUES (17, 6, 2, 194, 10, 150);
INSERT INTO [dbo].[Inventory] ([id], [productId], [branchId], [quantity], [minStock], [maxStock]) VALUES (18, 6, 3, 183, 10, 150);
INSERT INTO [dbo].[Inventory] ([id], [productId], [branchId], [quantity], [minStock], [maxStock]) VALUES (37, 7, 1, 94, 10, 150);
INSERT INTO [dbo].[Inventory] ([id], [productId], [branchId], [quantity], [minStock], [maxStock]) VALUES (38, 7, 2, 79, 10, 150);
INSERT INTO [dbo].[Inventory] ([id], [productId], [branchId], [quantity], [minStock], [maxStock]) VALUES (39, 7, 3, 36, 10, 150);
INSERT INTO [dbo].[Inventory] ([id], [productId], [branchId], [quantity], [minStock], [maxStock]) VALUES (40, 8, 1, 78, 10, 150);
INSERT INTO [dbo].[Inventory] ([id], [productId], [branchId], [quantity], [minStock], [maxStock]) VALUES (41, 8, 2, 84, 10, 150);
INSERT INTO [dbo].[Inventory] ([id], [productId], [branchId], [quantity], [minStock], [maxStock]) VALUES (42, 8, 3, 90, 10, 150);
INSERT INTO [dbo].[Inventory] ([id], [productId], [branchId], [quantity], [minStock], [maxStock]) VALUES (43, 9, 1, 34, 10, 150);
INSERT INTO [dbo].[Inventory] ([id], [productId], [branchId], [quantity], [minStock], [maxStock]) VALUES (44, 9, 2, 33, 10, 150);
INSERT INTO [dbo].[Inventory] ([id], [productId], [branchId], [quantity], [minStock], [maxStock]) VALUES (45, 9, 3, 22, 10, 150);
INSERT INTO [dbo].[Inventory] ([id], [productId], [branchId], [quantity], [minStock], [maxStock]) VALUES (46, 10, 1, 65, 10, 150);
INSERT INTO [dbo].[Inventory] ([id], [productId], [branchId], [quantity], [minStock], [maxStock]) VALUES (47, 10, 2, 82, 10, 150);
INSERT INTO [dbo].[Inventory] ([id], [productId], [branchId], [quantity], [minStock], [maxStock]) VALUES (48, 10, 3, 28, 10, 150);
INSERT INTO [dbo].[Inventory] ([id], [productId], [branchId], [quantity], [minStock], [maxStock]) VALUES (52, 12, 1, 20, 10, 100);
INSERT INTO [dbo].[Inventory] ([id], [productId], [branchId], [quantity], [minStock], [maxStock]) VALUES (53, 12, 2, 50, 10, 100);
INSERT INTO [dbo].[Inventory] ([id], [productId], [branchId], [quantity], [minStock], [maxStock]) VALUES (54, 12, 3, 30, 10, 100);
INSERT INTO [dbo].[Inventory] ([id], [productId], [branchId], [quantity], [minStock], [maxStock]) VALUES (55, 13, 1, 60, 10, 400);
INSERT INTO [dbo].[Inventory] ([id], [productId], [branchId], [quantity], [minStock], [maxStock]) VALUES (56, 13, 2, 70, 10, 400);
INSERT INTO [dbo].[Inventory] ([id], [productId], [branchId], [quantity], [minStock], [maxStock]) VALUES (57, 13, 3, 69, 10, 400);
INSERT INTO [dbo].[Inventory] ([id], [productId], [branchId], [quantity], [minStock], [maxStock]) VALUES (58, 14, 1, 10, 5, 100);
INSERT INTO [dbo].[Inventory] ([id], [productId], [branchId], [quantity], [minStock], [maxStock]) VALUES (59, 15, 1, 0, 10, 400);
INSERT INTO [dbo].[Inventory] ([id], [productId], [branchId], [quantity], [minStock], [maxStock]) VALUES (60, 15, 2, 0, 10, 400);
INSERT INTO [dbo].[Inventory] ([id], [productId], [branchId], [quantity], [minStock], [maxStock]) VALUES (61, 15, 3, 0, 10, 400);

SET IDENTITY_INSERT [dbo].[Inventory] OFF;
GO

-- =========================================================
-- DATOS DE LA TABLA: Customer (6 registros)
-- =========================================================
SET IDENTITY_INSERT [dbo].[Customer] ON;

INSERT INTO [dbo].[Customer] ([id], [name], [email], [phone], [taxId], [address], [creditLimit], [balance], [points], [zipCode], [taxRegime], [cfdiUse], [createdAt], [updatedAt]) VALUES (1, 'Público General', 'general@fmb.com', '000-0000', 'XAXX010101000', 'Público en General', 0, 0, 0, NULL, NULL, NULL, '2026-06-01 14:40:33.978', '2026-06-01 14:40:33.978');
INSERT INTO [dbo].[Customer] ([id], [name], [email], [phone], [taxId], [address], [creditLimit], [balance], [points], [zipCode], [taxRegime], [cfdiUse], [createdAt], [updatedAt]) VALUES (3, 'Juan Pérez', 'juan.perez@email.com', '5551234567', 'XAXX010101000', 'Dirección de Prueba', 0, 0, 150, NULL, NULL, NULL, '2026-06-03 11:21:29.238', '2026-06-04 12:30:01.919');
INSERT INTO [dbo].[Customer] ([id], [name], [email], [phone], [taxId], [address], [creditLimit], [balance], [points], [zipCode], [taxRegime], [cfdiUse], [createdAt], [updatedAt]) VALUES (4, 'María Gómez', 'maria.gomez@email.com', '7721003000', 'XAXX010101000', 'Dirección de Prueba', 0, 0, 50, NULL, NULL, NULL, '2026-06-03 11:21:29.261', '2026-06-04 12:30:02.993');
INSERT INTO [dbo].[Customer] ([id], [name], [email], [phone], [taxId], [address], [creditLimit], [balance], [points], [zipCode], [taxRegime], [cfdiUse], [createdAt], [updatedAt]) VALUES (5, 'Ana Martínez', 'ana.martinez@email.com', '5559876543', 'XAXX010101000', 'Dirección de Prueba', 0, 0, 1, NULL, NULL, NULL, '2026-06-03 11:21:29.283', '2026-06-05 11:02:17.492');
INSERT INTO [dbo].[Customer] ([id], [name], [email], [phone], [taxId], [address], [creditLimit], [balance], [points], [zipCode], [taxRegime], [cfdiUse], [createdAt], [updatedAt]) VALUES (6, 'Gael', NULL, '7712411646', NULL, NULL, 0, 0, 12, NULL, NULL, NULL, '2026-06-03 17:21:08.965', '2026-06-03 17:21:27.732');
INSERT INTO [dbo].[Customer] ([id], [name], [email], [phone], [taxId], [address], [creditLimit], [balance], [points], [zipCode], [taxRegime], [cfdiUse], [createdAt], [updatedAt]) VALUES (7, 'Pepe', NULL, '7712411617', NULL, NULL, 0, 0, 0, NULL, NULL, NULL, '2026-06-03 20:58:55.154', '2026-06-03 23:12:59.805');

SET IDENTITY_INSERT [dbo].[Customer] OFF;
GO

-- =========================================================
-- DATOS DE LA TABLA: TaxType (7 registros)
-- =========================================================
SET IDENTITY_INSERT [dbo].[TaxType] ON;

INSERT INTO [dbo].[TaxType] ([id], [name], [description], [rate], [active], [createdAt], [updatedAt]) VALUES (1, 'IVA 16%', 'Impuesto al Valor Agregado tasa general', 0.16, 1, '2026-06-04 09:56:26.584', '2026-06-04 12:29:54.992');
INSERT INTO [dbo].[TaxType] ([id], [name], [description], [rate], [active], [createdAt], [updatedAt]) VALUES (2, 'IVA 0%', 'Impuesto al Valor Agregado tasa cero', 0, 1, '2026-06-04 09:56:27.885', '2026-06-04 12:29:56.006');
INSERT INTO [dbo].[TaxType] ([id], [name], [description], [rate], [active], [createdAt], [updatedAt]) VALUES (3, 'Exento', 'Operaciones exentas de IVA', 0, 1, '2026-06-04 09:56:29.901', '2026-06-04 12:29:56.902');
INSERT INTO [dbo].[TaxType] ([id], [name], [description], [rate], [active], [createdAt], [updatedAt]) VALUES (4, 'IEPS 8%', 'Impuesto Especial sobre Producción y Servicios alimentos no básicos', 0.08, 1, '2026-06-04 09:56:31.242', '2026-06-04 12:29:57.924');
INSERT INTO [dbo].[TaxType] ([id], [name], [description], [rate], [active], [createdAt], [updatedAt]) VALUES (5, 'IEPS 26.5%', 'Impuesto Especial sobre Producción y Servicios bebidas alcohólicas de baja graduación', 0.265, 1, '2026-06-04 09:56:32.645', '2026-06-04 12:29:59.123');
INSERT INTO [dbo].[TaxType] ([id], [name], [description], [rate], [active], [createdAt], [updatedAt]) VALUES (6, 'IEPS 53%', 'Impuesto Especial sobre Producción y Servicios bebidas alcohólicas de alta graduación', 0.53, 1, '2026-06-04 09:56:34.062', '2026-06-04 12:30:00.136');
INSERT INTO [dbo].[TaxType] ([id], [name], [description], [rate], [active], [createdAt], [updatedAt]) VALUES (7, 'IVOTA ejemplo papoi', 'Esto es una prueba', 100, 0, '2026-06-04 13:46:36.867', '2026-06-04 17:24:46.571');

SET IDENTITY_INSERT [dbo].[TaxType] OFF;
GO

-- =========================================================
-- DATOS DE LA TABLA: ProductTax (16 registros)
-- =========================================================
SET IDENTITY_INSERT [dbo].[ProductTax] ON;

INSERT INTO [dbo].[ProductTax] ([id], [productId], [taxTypeId]) VALUES (25, 1, 1);
INSERT INTO [dbo].[ProductTax] ([id], [productId], [taxTypeId]) VALUES (3, 2, 1);
INSERT INTO [dbo].[ProductTax] ([id], [productId], [taxTypeId]) VALUES (4, 2, 4);
INSERT INTO [dbo].[ProductTax] ([id], [productId], [taxTypeId]) VALUES (5, 3, 2);
INSERT INTO [dbo].[ProductTax] ([id], [productId], [taxTypeId]) VALUES (6, 4, 1);
INSERT INTO [dbo].[ProductTax] ([id], [productId], [taxTypeId]) VALUES (7, 4, 4);
INSERT INTO [dbo].[ProductTax] ([id], [productId], [taxTypeId]) VALUES (8, 5, 2);
INSERT INTO [dbo].[ProductTax] ([id], [productId], [taxTypeId]) VALUES (26, 6, 2);
INSERT INTO [dbo].[ProductTax] ([id], [productId], [taxTypeId]) VALUES (10, 7, 1);
INSERT INTO [dbo].[ProductTax] ([id], [productId], [taxTypeId]) VALUES (23, 8, 1);
INSERT INTO [dbo].[ProductTax] ([id], [productId], [taxTypeId]) VALUES (24, 8, 3);
INSERT INTO [dbo].[ProductTax] ([id], [productId], [taxTypeId]) VALUES (12, 9, 4);
INSERT INTO [dbo].[ProductTax] ([id], [productId], [taxTypeId]) VALUES (13, 10, 1);
INSERT INTO [dbo].[ProductTax] ([id], [productId], [taxTypeId]) VALUES (14, 10, 4);
INSERT INTO [dbo].[ProductTax] ([id], [productId], [taxTypeId]) VALUES (15, 11, 1);
INSERT INTO [dbo].[ProductTax] ([id], [productId], [taxTypeId]) VALUES (16, 12, 1);

SET IDENTITY_INSERT [dbo].[ProductTax] OFF;
GO

-- Sin registros en la tabla: StoreCredit

-- =========================================================
-- DATOS DE LA TABLA: Supplier (2 registros)
-- =========================================================
SET IDENTITY_INSERT [dbo].[Supplier] ON;

INSERT INTO [dbo].[Supplier] ([id], [name], [rfc], [email], [phone], [address], [city], [state], [zipCode], [contactName], [active], [createdAt], [updatedAt]) VALUES (1, 'Coca cola', 'UNO123MNB15', 'cozacola@gmail.com', '9874563218', 'centro', 'mexico', 'mexico', '123895', 'Pedrito dos', 1, '2026-06-04 14:35:56.663', '2026-06-04 14:35:56.663');
INSERT INTO [dbo].[Supplier] ([id], [name], [rfc], [email], [phone], [address], [city], [state], [zipCode], [contactName], [active], [createdAt], [updatedAt]) VALUES (2, 'Hielin Hielo', 'HIEL123HJ5', 'hielo@gmail.com', '1245698735', 'centro', 'zaragoza', 'puebla', '25973', 'Señor Hielo', 1, '2026-06-04 16:11:53.076', '2026-06-04 16:11:53.076');

SET IDENTITY_INSERT [dbo].[Supplier] OFF;
GO

-- =========================================================
-- DATOS DE LA TABLA: SupplierProduct (4 registros)
-- =========================================================
SET IDENTITY_INSERT [dbo].[SupplierProduct] ON;

INSERT INTO [dbo].[SupplierProduct] ([id], [supplierId], [productId]) VALUES (1, 1, 1);
INSERT INTO [dbo].[SupplierProduct] ([id], [supplierId], [productId]) VALUES (4, 1, 6);
INSERT INTO [dbo].[SupplierProduct] ([id], [supplierId], [productId]) VALUES (2, 1, 8);
INSERT INTO [dbo].[SupplierProduct] ([id], [supplierId], [productId]) VALUES (3, 2, 14);

SET IDENTITY_INSERT [dbo].[SupplierProduct] OFF;
GO

-- =========================================================
-- DATOS DE LA TABLA: PromotionType (4 registros)
-- =========================================================
SET IDENTITY_INSERT [dbo].[PromotionType] ON;

INSERT INTO [dbo].[PromotionType] ([id], [name], [description]) VALUES (1, 'Percentage', 'Descuento porcentual sobre el precio');
INSERT INTO [dbo].[PromotionType] ([id], [name], [description]) VALUES (2, 'FixedAmount', 'Descuento de monto fijo sobre el precio');
INSERT INTO [dbo].[PromotionType] ([id], [name], [description]) VALUES (3, 'BuyXPayY', 'Paga Y cantidad al llevar X cantidad (ej. 2x1)');
INSERT INTO [dbo].[PromotionType] ([id], [name], [description]) VALUES (4, 'SpecialPrice', 'Precio especial por volumen');

SET IDENTITY_INSERT [dbo].[PromotionType] OFF;
GO

-- =========================================================
-- DATOS DE LA TABLA: Promotion (4 registros)
-- =========================================================
SET IDENTITY_INSERT [dbo].[Promotion] ON;

INSERT INTO [dbo].[Promotion] ([id], [name], [description], [promotionTypeId], [startDate], [endDate], [isActive], [value], [minQuantity], [payQuantity], [specialPrice], [createdAt], [updatedAt]) VALUES (1, 'Coca Cola 20% OFF', '20% de descuento en refresco Coca Cola 600ml', 1, '2026-06-01 00:00:00.000', '2026-07-02 00:00:00.000', 1, 20, NULL, NULL, NULL, '2026-06-02 17:00:44.788', '2026-06-02 17:00:44.788');
INSERT INTO [dbo].[Promotion] ([id], [name], [description], [promotionTypeId], [startDate], [endDate], [isActive], [value], [minQuantity], [payQuantity], [specialPrice], [createdAt], [updatedAt]) VALUES (2, 'Sabritas 3x2', 'Lleva 3 bolsas de papas Sabritas y paga solo 2', 3, '2026-06-01 00:00:00.000', '2026-07-02 00:00:00.000', 1, NULL, 3, 2, NULL, '2026-06-02 17:00:47.678', '2026-06-02 17:00:47.678');
INSERT INTO [dbo].[Promotion] ([id], [name], [description], [promotionTypeId], [startDate], [endDate], [isActive], [value], [minQuantity], [payQuantity], [specialPrice], [createdAt], [updatedAt]) VALUES (3, 'Bimbo Precio Especial', 'Pan Blanco Bimbo a $38 c/u comprando 2 o más', 4, '2026-06-01 00:00:00.000', '2026-07-02 00:00:00.000', 1, NULL, 2, NULL, 38, '2026-06-02 17:00:49.839', '2026-06-02 17:00:49.839');
INSERT INTO [dbo].[Promotion] ([id], [name], [description], [promotionTypeId], [startDate], [endDate], [isActive], [value], [minQuantity], [payQuantity], [specialPrice], [createdAt], [updatedAt]) VALUES (4, 'Bebidas a 10', 'Todas las bebidas seleccionadas a $10', 4, '2026-06-05 00:00:00.000', '2026-07-06 23:59:59.999', 1, NULL, 1, NULL, 10, '2026-06-05 12:09:30.145', '2026-06-05 12:13:53.013');

SET IDENTITY_INSERT [dbo].[Promotion] OFF;
GO

-- =========================================================
-- DATOS DE LA TABLA: PromotionProduct (4 registros)
-- =========================================================
SET IDENTITY_INSERT [dbo].[PromotionProduct] ON;

INSERT INTO [dbo].[PromotionProduct] ([id], [promotionId], [productId]) VALUES (1, 1, 1);
INSERT INTO [dbo].[PromotionProduct] ([id], [promotionId], [productId]) VALUES (2, 2, 2);
INSERT INTO [dbo].[PromotionProduct] ([id], [promotionId], [productId]) VALUES (6, 3, 3);
INSERT INTO [dbo].[PromotionProduct] ([id], [promotionId], [productId]) VALUES (8, 4, 8);

SET IDENTITY_INSERT [dbo].[PromotionProduct] OFF;
GO

-- =========================================================
-- DATOS DE LA TABLA: CashSession (39 registros)
-- =========================================================
SET IDENTITY_INSERT [dbo].[CashSession] ON;

INSERT INTO [dbo].[CashSession] ([id], [branchId], [userId], [openedAt], [closedAt], [initialAmount], [expectedAmount], [declaredAmount], [difference], [cashIn], [cashOut], [status], [createdAt], [updatedAt]) VALUES (1, 1, 3, '2026-06-02 00:37:19.356', '2026-06-02 09:04:01.047', 500, 500, 540.6, 0, 0, 0, 'CERRADA', '2026-06-02 00:37:19.356', '2026-06-02 12:36:50.941');
INSERT INTO [dbo].[CashSession] ([id], [branchId], [userId], [openedAt], [closedAt], [initialAmount], [expectedAmount], [declaredAmount], [difference], [cashIn], [cashOut], [status], [createdAt], [updatedAt]) VALUES (2, 1, 4, '2026-06-02 09:04:32.033', '2026-06-02 12:39:34.288', 500, 500, 500, 0, 0, 0, 'CERRADA', '2026-06-02 09:04:32.033', '2026-06-02 12:39:34.291');
INSERT INTO [dbo].[CashSession] ([id], [branchId], [userId], [openedAt], [closedAt], [initialAmount], [expectedAmount], [declaredAmount], [difference], [cashIn], [cashOut], [status], [createdAt], [updatedAt]) VALUES (3, 1, 11, '2026-06-02 09:13:00.931', '2026-06-03 14:36:08.518', 1000, 933.4, 933.4, 0, -66.6, 0, 'CERRADA', '2026-06-02 09:13:00.931', '2026-06-03 14:36:08.520');
INSERT INTO [dbo].[CashSession] ([id], [branchId], [userId], [openedAt], [closedAt], [initialAmount], [expectedAmount], [declaredAmount], [difference], [cashIn], [cashOut], [status], [createdAt], [updatedAt]) VALUES (4, 1, 3, '2026-06-02 09:14:16.733', '2026-06-02 09:14:22.618', 500, 500, 500, 0, 0, 0, 'CERRADA', '2026-06-02 09:14:16.733', '2026-06-02 09:14:22.620');
INSERT INTO [dbo].[CashSession] ([id], [branchId], [userId], [openedAt], [closedAt], [initialAmount], [expectedAmount], [declaredAmount], [difference], [cashIn], [cashOut], [status], [createdAt], [updatedAt]) VALUES (5, 1, 3, '2026-06-02 09:15:26.103', '2026-06-02 12:38:57.765', 500, 483.52, 500, 16.48, 83.52, 100, 'CERRADA', '2026-06-02 09:15:26.103', '2026-06-02 12:38:57.770');
INSERT INTO [dbo].[CashSession] ([id], [branchId], [userId], [openedAt], [closedAt], [initialAmount], [expectedAmount], [declaredAmount], [difference], [cashIn], [cashOut], [status], [createdAt], [updatedAt]) VALUES (6, 1, 3, '2026-06-02 13:22:24.094', '2026-06-02 16:46:41.481', 500, 552.2, 552.2, 0, 52.2, 0, 'CERRADA', '2026-06-02 13:22:24.094', '2026-06-02 16:46:41.484');
INSERT INTO [dbo].[CashSession] ([id], [branchId], [userId], [openedAt], [closedAt], [initialAmount], [expectedAmount], [declaredAmount], [difference], [cashIn], [cashOut], [status], [createdAt], [updatedAt]) VALUES (7, 1, 3, '2026-06-02 16:46:46.717', '2026-06-03 14:05:46.246', 500, 643.84, 700, 56.16, 143.84, 0, 'CERRADA', '2026-06-02 16:46:46.717', '2026-06-03 14:05:46.248');
INSERT INTO [dbo].[CashSession] ([id], [branchId], [userId], [openedAt], [closedAt], [initialAmount], [expectedAmount], [declaredAmount], [difference], [cashIn], [cashOut], [status], [createdAt], [updatedAt]) VALUES (8, 1, 3, '2026-06-03 11:57:59.784', '2026-06-03 12:38:44.272', 500, 552.2, 552.2, 0, 52.2, 0, 'CERRADA', '2026-06-03 11:57:59.784', '2026-06-03 13:06:01.161');
INSERT INTO [dbo].[CashSession] ([id], [branchId], [userId], [openedAt], [closedAt], [initialAmount], [expectedAmount], [declaredAmount], [difference], [cashIn], [cashOut], [status], [createdAt], [updatedAt]) VALUES (9, 1, 11, '2026-06-03 12:10:19.429', '2026-06-03 12:24:52.450', 500, 500, 500, 0, 0, 0, 'CERRADA', '2026-06-03 12:10:19.429', '2026-06-03 13:06:01.161');
INSERT INTO [dbo].[CashSession] ([id], [branchId], [userId], [openedAt], [closedAt], [initialAmount], [expectedAmount], [declaredAmount], [difference], [cashIn], [cashOut], [status], [createdAt], [updatedAt]) VALUES (10, 1, 4, '2026-06-03 12:39:03.647', '2026-06-03 12:39:38.389', 500, 447.8, 447.8, 0, -52.2, 0, 'CERRADA', '2026-06-03 12:39:03.647', '2026-06-03 13:06:01.161');
INSERT INTO [dbo].[CashSession] ([id], [branchId], [userId], [openedAt], [closedAt], [initialAmount], [expectedAmount], [declaredAmount], [difference], [cashIn], [cashOut], [status], [createdAt], [updatedAt]) VALUES (11, 1, 3, '2026-06-03 12:39:56.378', '2026-06-03 12:40:50.454', 500, 516.7, 516.7, 0, 16.7, 0, 'CERRADA', '2026-06-03 12:39:56.378', '2026-06-03 13:06:01.161');
INSERT INTO [dbo].[CashSession] ([id], [branchId], [userId], [openedAt], [closedAt], [initialAmount], [expectedAmount], [declaredAmount], [difference], [cashIn], [cashOut], [status], [createdAt], [updatedAt]) VALUES (12, 1, 3, '2026-06-03 12:51:54.675', '2026-06-03 14:53:18.727', 500, 383.3, 383.3, 0, -16.7, 100, 'CERRADA', '2026-06-03 12:51:54.675', '2026-06-03 14:53:18.729');
INSERT INTO [dbo].[CashSession] ([id], [branchId], [userId], [openedAt], [closedAt], [initialAmount], [expectedAmount], [declaredAmount], [difference], [cashIn], [cashOut], [status], [createdAt], [updatedAt]) VALUES (14, 1, 3, '2026-06-03 16:37:48.720', '2026-06-03 16:38:21.784', 500, 500, 500, 0, 0, 0, 'CERRADA', '2026-06-03 16:37:48.720', '2026-06-03 16:38:21.787');
INSERT INTO [dbo].[CashSession] ([id], [branchId], [userId], [openedAt], [closedAt], [initialAmount], [expectedAmount], [declaredAmount], [difference], [cashIn], [cashOut], [status], [createdAt], [updatedAt]) VALUES (15, 1, 3, '2026-06-03 16:39:33.541', '2026-06-03 17:10:22.291', 500, 585.61, 585.61, 0, 85.61, 0, 'CERRADA', '2026-06-03 16:39:33.541', '2026-06-03 17:10:22.293');
INSERT INTO [dbo].[CashSession] ([id], [branchId], [userId], [openedAt], [closedAt], [initialAmount], [expectedAmount], [declaredAmount], [difference], [cashIn], [cashOut], [status], [createdAt], [updatedAt]) VALUES (16, 1, 3, '2026-06-03 17:15:11.364', '2026-06-03 17:41:09.673', 1000, 1000, 1000, 0, 208.8, 208.8, 'CERRADA', '2026-06-03 17:15:11.364', '2026-06-03 17:41:09.675');
INSERT INTO [dbo].[CashSession] ([id], [branchId], [userId], [openedAt], [closedAt], [initialAmount], [expectedAmount], [declaredAmount], [difference], [cashIn], [cashOut], [status], [createdAt], [updatedAt]) VALUES (17, 1, 3, '2026-06-03 17:41:51.729', '2026-06-03 17:42:59.868', 8000, 5000, 5000, 0, 0, 3000, 'CERRADA', '2026-06-03 17:41:51.729', '2026-06-03 17:42:59.870');
INSERT INTO [dbo].[CashSession] ([id], [branchId], [userId], [openedAt], [closedAt], [initialAmount], [expectedAmount], [declaredAmount], [difference], [cashIn], [cashOut], [status], [createdAt], [updatedAt]) VALUES (18, 1, 3, '2026-06-03 17:43:15.899', '2026-06-03 17:43:32.870', 11000, 11000, 11000, 0, 0, 0, 'CERRADA', '2026-06-03 17:43:15.899', '2026-06-03 17:43:32.872');
INSERT INTO [dbo].[CashSession] ([id], [branchId], [userId], [openedAt], [closedAt], [initialAmount], [expectedAmount], [declaredAmount], [difference], [cashIn], [cashOut], [status], [createdAt], [updatedAt]) VALUES (19, 1, 3, '2026-06-03 17:50:30.668', '2026-06-03 20:56:35.799', 500, 500, 500, 0, 0, 0, 'CERRADA', '2026-06-03 17:50:30.668', '2026-06-03 20:56:35.801');
INSERT INTO [dbo].[CashSession] ([id], [branchId], [userId], [openedAt], [closedAt], [initialAmount], [expectedAmount], [declaredAmount], [difference], [cashIn], [cashOut], [status], [createdAt], [updatedAt]) VALUES (20, 1, 3, '2026-06-03 20:58:12.856', '2026-06-03 21:02:20.540', 4500, 2052.16, 2052.16, 0, 552.16, 3000, 'CERRADA', '2026-06-03 20:58:12.856', '2026-06-03 21:02:20.542');
INSERT INTO [dbo].[CashSession] ([id], [branchId], [userId], [openedAt], [closedAt], [initialAmount], [expectedAmount], [declaredAmount], [difference], [cashIn], [cashOut], [status], [createdAt], [updatedAt]) VALUES (21, 1, 3, '2026-06-03 22:48:40.484', '2026-06-04 11:45:44.638', 500, 498.2, 498.2, 0, -1.8, 0, 'CERRADA', '2026-06-03 22:48:40.484', '2026-06-04 11:45:44.640');
INSERT INTO [dbo].[CashSession] ([id], [branchId], [userId], [openedAt], [closedAt], [initialAmount], [expectedAmount], [declaredAmount], [difference], [cashIn], [cashOut], [status], [createdAt], [updatedAt]) VALUES (22, 1, 3, '2026-06-04 11:49:26.751', '2026-06-04 12:46:34.868', 500, 545, 545, 0, 45, 0, 'CERRADA', '2026-06-04 11:49:26.751', '2026-06-04 12:46:34.869');
INSERT INTO [dbo].[CashSession] ([id], [branchId], [userId], [openedAt], [closedAt], [initialAmount], [expectedAmount], [declaredAmount], [difference], [cashIn], [cashOut], [status], [createdAt], [updatedAt]) VALUES (23, 1, 3, '2026-06-04 12:50:55.014', '2026-06-04 12:53:36.857', 500, 500, 500, 0, 0, 0, 'CERRADA', '2026-06-04 12:50:55.014', '2026-06-04 12:53:36.859');
INSERT INTO [dbo].[CashSession] ([id], [branchId], [userId], [openedAt], [closedAt], [initialAmount], [expectedAmount], [declaredAmount], [difference], [cashIn], [cashOut], [status], [createdAt], [updatedAt]) VALUES (24, 1, 3, '2026-06-04 12:56:17.354', '2026-06-04 13:22:25.362', 500, 545, 500, 0, 0, 0, 'CERRADA', '2026-06-04 12:56:17.354', '2026-06-04 13:35:44.081');
INSERT INTO [dbo].[CashSession] ([id], [branchId], [userId], [openedAt], [closedAt], [initialAmount], [expectedAmount], [declaredAmount], [difference], [cashIn], [cashOut], [status], [createdAt], [updatedAt]) VALUES (25, 1, 3, '2026-06-04 13:38:30.245', '2026-06-04 13:39:10.776', 500, 536, 500, 0, 0, 0, 'CERRADA', '2026-06-04 13:38:30.245', '2026-06-04 13:39:32.010');
INSERT INTO [dbo].[CashSession] ([id], [branchId], [userId], [openedAt], [closedAt], [initialAmount], [expectedAmount], [declaredAmount], [difference], [cashIn], [cashOut], [status], [createdAt], [updatedAt]) VALUES (26, 1, 3, '2026-06-04 13:40:08.537', '2026-06-04 17:07:46.382', 500, 200, 200, 0, 0, 300, 'CERRADA', '2026-06-04 13:40:08.537', '2026-06-04 17:07:46.384');
INSERT INTO [dbo].[CashSession] ([id], [branchId], [userId], [openedAt], [closedAt], [initialAmount], [expectedAmount], [declaredAmount], [difference], [cashIn], [cashOut], [status], [createdAt], [updatedAt]) VALUES (27, 1, 3, '2026-06-04 17:09:09.331', '2026-06-04 17:32:32.890', 500, 500, 500, 0, 0, 0, 'CERRADA', '2026-06-04 17:09:09.331', '2026-06-04 17:32:32.891');
INSERT INTO [dbo].[CashSession] ([id], [branchId], [userId], [openedAt], [closedAt], [initialAmount], [expectedAmount], [declaredAmount], [difference], [cashIn], [cashOut], [status], [createdAt], [updatedAt]) VALUES (28, 1, 3, '2026-06-04 17:32:52.499', '2026-06-04 18:10:04.829', 500, 321.08, 321.08, 0, 21.08, 200, 'CERRADA', '2026-06-04 17:32:52.499', '2026-06-04 18:10:04.831');
INSERT INTO [dbo].[CashSession] ([id], [branchId], [userId], [openedAt], [closedAt], [initialAmount], [expectedAmount], [declaredAmount], [difference], [cashIn], [cashOut], [status], [createdAt], [updatedAt]) VALUES (29, 1, 3, '2026-06-04 18:13:36.188', '2026-06-04 18:27:48.897', 500, 500, 500, 0, 0, 0, 'CERRADA', '2026-06-04 18:13:36.188', '2026-06-04 18:27:48.900');
INSERT INTO [dbo].[CashSession] ([id], [branchId], [userId], [openedAt], [closedAt], [initialAmount], [expectedAmount], [declaredAmount], [difference], [cashIn], [cashOut], [status], [createdAt], [updatedAt]) VALUES (30, 1, 3, '2026-06-05 09:08:10.566', '2026-06-05 09:10:20.723', 500, 517.85, 517.85, 0, 17.85, 0, 'CERRADA', '2026-06-05 09:08:10.566', '2026-06-05 09:10:20.725');
INSERT INTO [dbo].[CashSession] ([id], [branchId], [userId], [openedAt], [closedAt], [initialAmount], [expectedAmount], [declaredAmount], [difference], [cashIn], [cashOut], [status], [createdAt], [updatedAt]) VALUES (31, 1, 3, '2026-06-05 09:31:42.695', '2026-06-05 09:33:42.356', 700, 700, 700, 0, 0, 0, 'CERRADA', '2026-06-05 09:31:42.695', '2026-06-05 09:33:42.359');
INSERT INTO [dbo].[CashSession] ([id], [branchId], [userId], [openedAt], [closedAt], [initialAmount], [expectedAmount], [declaredAmount], [difference], [cashIn], [cashOut], [status], [createdAt], [updatedAt]) VALUES (1030, 1, 3, '2026-06-05 10:16:29.975', '2026-06-05 10:50:49.584', 500, 500, 500, 0, 0, 0, 'CERRADA', '2026-06-05 10:16:29.975', '2026-06-05 10:50:49.586');
INSERT INTO [dbo].[CashSession] ([id], [branchId], [userId], [openedAt], [closedAt], [initialAmount], [expectedAmount], [declaredAmount], [difference], [cashIn], [cashOut], [status], [createdAt], [updatedAt]) VALUES (1031, 1, 3, '2026-06-05 10:52:26.809', '2026-06-05 11:10:32.044', 500, 528.7, 529, 0.3, 28.7, 0, 'CERRADA', '2026-06-05 10:52:26.809', '2026-06-05 11:10:32.046');
INSERT INTO [dbo].[CashSession] ([id], [branchId], [userId], [openedAt], [closedAt], [initialAmount], [expectedAmount], [declaredAmount], [difference], [cashIn], [cashOut], [status], [createdAt], [updatedAt]) VALUES (1032, 1, 3, '2026-06-05 11:12:24.200', '2026-06-05 11:35:28.105', 500, 533.41, 533.41, 0, 33.41, 0, 'CERRADA', '2026-06-05 11:12:24.200', '2026-06-05 11:35:28.106');
INSERT INTO [dbo].[CashSession] ([id], [branchId], [userId], [openedAt], [closedAt], [initialAmount], [expectedAmount], [declaredAmount], [difference], [cashIn], [cashOut], [status], [createdAt], [updatedAt]) VALUES (1033, 1, 11, '2026-06-05 11:42:09.764', '2026-06-05 11:42:22.764', 0, 0, 0, 0, 0, 0, 'CERRADA', '2026-06-05 11:42:09.764', '2026-06-05 11:42:22.768');
INSERT INTO [dbo].[CashSession] ([id], [branchId], [userId], [openedAt], [closedAt], [initialAmount], [expectedAmount], [declaredAmount], [difference], [cashIn], [cashOut], [status], [createdAt], [updatedAt]) VALUES (1034, 1, 11, '2026-06-05 11:56:29.396', '2026-06-05 11:56:55.518', 0, 0, 0, 0, 0, 0, 'CERRADA', '2026-06-05 11:56:29.396', '2026-06-05 11:56:55.531');
INSERT INTO [dbo].[CashSession] ([id], [branchId], [userId], [openedAt], [closedAt], [initialAmount], [expectedAmount], [declaredAmount], [difference], [cashIn], [cashOut], [status], [createdAt], [updatedAt]) VALUES (1035, 1, 11, '2026-06-05 12:00:13.178', '2026-06-05 12:00:39.800', 0, 37.78, 37.78, 0, 37.78, 0, 'CERRADA', '2026-06-05 12:00:13.178', '2026-06-05 12:00:39.802');
INSERT INTO [dbo].[CashSession] ([id], [branchId], [userId], [openedAt], [closedAt], [initialAmount], [expectedAmount], [declaredAmount], [difference], [cashIn], [cashOut], [status], [createdAt], [updatedAt]) VALUES (1036, 1, 3, '2026-06-05 12:05:25.810', '2026-06-05 12:05:32.125', 500, 500, 500, 0, 0, 0, 'CERRADA', '2026-06-05 12:05:25.810', '2026-06-05 12:05:32.128');
INSERT INTO [dbo].[CashSession] ([id], [branchId], [userId], [openedAt], [closedAt], [initialAmount], [expectedAmount], [declaredAmount], [difference], [cashIn], [cashOut], [status], [createdAt], [updatedAt]) VALUES (1037, 1, 3, '2026-06-05 12:10:10.900', '2026-06-05 12:12:49.213', 1000, 1002.32, 1002.32, 0, 2.32, 0, 'CERRADA', '2026-06-05 12:10:10.900', '2026-06-05 12:12:49.214');
INSERT INTO [dbo].[CashSession] ([id], [branchId], [userId], [openedAt], [closedAt], [initialAmount], [expectedAmount], [declaredAmount], [difference], [cashIn], [cashOut], [status], [createdAt], [updatedAt]) VALUES (1038, 1, 3, '2026-06-05 12:14:12.058', NULL, 500, 558, NULL, NULL, 58, 0, 'ABIERTA', '2026-06-05 12:14:12.058', '2026-06-05 12:18:51.003');

SET IDENTITY_INSERT [dbo].[CashSession] OFF;
GO

-- =========================================================
-- DATOS DE LA TABLA: BankDeposit (10 registros)
-- =========================================================
SET IDENTITY_INSERT [dbo].[BankDeposit] ON;

INSERT INTO [dbo].[BankDeposit] ([id], [accountNumber], [targetName], [amount], [paymentType], [comments], [reference], [status], [mercadoPagoPaymentId], [mercadoPagoStatus], [ticketUrl], [cashSessionId], [userId], [branchId], [confirmedAt], [cancelledAt], [cancelReason], [createdAt]) VALUES (1, '1234567890123456', 'sadxsad', 100, 'EFECTIVO', 'asdsadas', NULL, 'COMPLETED', NULL, NULL, NULL, 5, 3, 1, NULL, NULL, NULL, '2026-06-02 09:17:37.382');
INSERT INTO [dbo].[BankDeposit] ([id], [accountNumber], [targetName], [amount], [paymentType], [comments], [reference], [status], [mercadoPagoPaymentId], [mercadoPagoStatus], [ticketUrl], [cashSessionId], [userId], [branchId], [confirmedAt], [cancelledAt], [cancelReason], [createdAt]) VALUES (2, '1234564544444444', 'Gael Hernandez Monroy', 100, 'EFECTIVO', 'Retiro de resguardo', 'DEP-20260603-0001', 'COMPLETED', NULL, NULL, NULL, 12, 3, 1, NULL, NULL, NULL, '2026-06-03 14:30:24.497');
INSERT INTO [dbo].[BankDeposit] ([id], [accountNumber], [targetName], [amount], [paymentType], [comments], [reference], [status], [mercadoPagoPaymentId], [mercadoPagoStatus], [ticketUrl], [cashSessionId], [userId], [branchId], [confirmedAt], [cancelledAt], [cancelReason], [createdAt]) VALUES (3, '1234567890123456', 'Mafer', 208.8, 'EFECTIVO', 'DEP-20260603', 'DEP-20260603-0002', 'COMPLETED', NULL, NULL, NULL, 16, 3, 1, NULL, NULL, NULL, '2026-06-03 17:30:14.336');
INSERT INTO [dbo].[BankDeposit] ([id], [accountNumber], [targetName], [amount], [paymentType], [comments], [reference], [status], [mercadoPagoPaymentId], [mercadoPagoStatus], [ticketUrl], [cashSessionId], [userId], [branchId], [confirmedAt], [cancelledAt], [cancelReason], [createdAt]) VALUES (4, '1234567890123456', 'Pues pa alla', 3000, 'EFECTIVO', 'Exceso de efectivo', 'DEP-20260603-0003', 'COMPLETED', NULL, NULL, NULL, 17, 3, 1, NULL, NULL, NULL, '2026-06-03 17:42:29.789');
INSERT INTO [dbo].[BankDeposit] ([id], [accountNumber], [targetName], [amount], [paymentType], [comments], [reference], [status], [mercadoPagoPaymentId], [mercadoPagoStatus], [ticketUrl], [cashSessionId], [userId], [branchId], [confirmedAt], [cancelledAt], [cancelReason], [createdAt]) VALUES (5, '1234567890123456', 'Banco Empresa', 3000, 'EFECTIVO', 'Retiro por exceso de efectivo', 'DEP-20260603-0004', 'COMPLETED', NULL, NULL, NULL, 20, 3, 1, NULL, NULL, NULL, '2026-06-03 21:01:55.337');
INSERT INTO [dbo].[BankDeposit] ([id], [accountNumber], [targetName], [amount], [paymentType], [comments], [reference], [status], [mercadoPagoPaymentId], [mercadoPagoStatus], [ticketUrl], [cashSessionId], [userId], [branchId], [confirmedAt], [cancelledAt], [cancelReason], [createdAt]) VALUES (6, '1234567890123456', 'CUENTAEMPRESA', 100, 'EFECTIVO', 'Resguardo', 'DEP-20260604-0001', 'COMPLETED', NULL, NULL, NULL, 26, 3, 1, NULL, NULL, NULL, '2026-06-04 15:09:19.591');
INSERT INTO [dbo].[BankDeposit] ([id], [accountNumber], [targetName], [amount], [paymentType], [comments], [reference], [status], [mercadoPagoPaymentId], [mercadoPagoStatus], [ticketUrl], [cashSessionId], [userId], [branchId], [confirmedAt], [cancelledAt], [cancelReason], [createdAt]) VALUES (7, '14542366335810848644', 'BBVA Bancomer', 100, 'MERCADOPAGO_BBVA', '{"convenio":"1456289","barcode":"N/A","expirationDate":"2026-06-07T21:29:23.997Z","ticketUrl":"https://www.mercadopago.com.mx/payments/mock-mp-cash-1780608563997/ticket?sender=pos","userComments":"Retiro de seguridad"}', 'DEP-20260604-0002', 'COMPLETED', 'mock-mp-cash-1780608563997', 'pending', 'https://www.mercadopago.com.mx/payments/mock-mp-cash-1780608563997/ticket?sender=pos', 26, 3, 1, '2026-06-04 17:13:11.026', NULL, NULL, '2026-06-04 15:29:24.179');
INSERT INTO [dbo].[BankDeposit] ([id], [accountNumber], [targetName], [amount], [paymentType], [comments], [reference], [status], [mercadoPagoPaymentId], [mercadoPagoStatus], [ticketUrl], [cashSessionId], [userId], [branchId], [confirmedAt], [cancelledAt], [cancelReason], [createdAt]) VALUES (8, '67851624800755209327', 'OXXO', 100, 'MERCADOPAGO_OXXO', '{"convenio":"N/A","barcode":"012345678901234567890123456789","expirationDate":"2026-06-07T21:37:38.787Z","ticketUrl":"https://www.mercadopago.com.mx/payments/mock-mp-cash-1780609058787/ticket?sender=pos","userComments":"Resguardo de seguridad"}', 'DEP-20260604-0003', 'COMPLETED', 'mock-mp-cash-1780609058787', 'pending', 'https://www.mercadopago.com.mx/payments/mock-mp-cash-1780609058787/ticket?sender=pos', 26, 3, 1, '2026-06-04 17:13:05.332', NULL, NULL, '2026-06-04 15:37:38.972');
INSERT INTO [dbo].[BankDeposit] ([id], [accountNumber], [targetName], [amount], [paymentType], [comments], [reference], [status], [mercadoPagoPaymentId], [mercadoPagoStatus], [ticketUrl], [cashSessionId], [userId], [branchId], [confirmedAt], [cancelledAt], [cancelReason], [createdAt]) VALUES (9, '78570973473651903285', 'Santander', 100, 'MERCADOPAGO_SANTANDER', '{"convenio":"6582","barcode":"N/A","expirationDate":"2026-06-07T23:41:29.438Z","ticketUrl":"https://www.mercadopago.com.mx/payments/mock-mp-cash-1780616489437/ticket?sender=pos","userComments":"Resguardo "}', 'DEP-20260604-0004', 'COMPLETED', 'mock-mp-cash-1780616489437', 'approved', 'https://www.mercadopago.com.mx/payments/mock-mp-cash-1780616489437/ticket?sender=pos', 28, 3, 1, '2026-06-04 17:41:41.509', NULL, NULL, '2026-06-04 17:41:29.624');
INSERT INTO [dbo].[BankDeposit] ([id], [accountNumber], [targetName], [amount], [paymentType], [comments], [reference], [status], [mercadoPagoPaymentId], [mercadoPagoStatus], [ticketUrl], [cashSessionId], [userId], [branchId], [confirmedAt], [cancelledAt], [cancelReason], [createdAt]) VALUES (10, '81998059850271618136', 'OXXO', 100, 'MERCADOPAGO_OXXO', '{"convenio":"N/A","barcode":"012345678901234567890123456789","expirationDate":"2026-06-07T23:43:17.479Z","ticketUrl":"https://www.mercadopago.com.mx/payments/mock-mp-cash-1780616597479/ticket?sender=pos","userComments":"Resguardo"}', 'DEP-20260604-0005', 'COMPLETED', 'mock-mp-cash-1780616597479', 'approved', 'https://www.mercadopago.com.mx/payments/mock-mp-cash-1780616597479/ticket?sender=pos', 28, 3, 1, '2026-06-04 17:43:21.981', NULL, NULL, '2026-06-04 17:43:17.657');

SET IDENTITY_INSERT [dbo].[BankDeposit] OFF;
GO

-- =========================================================
-- DATOS DE LA TABLA: Sale (68 registros)
-- =========================================================
SET IDENTITY_INSERT [dbo].[Sale] ON;

INSERT INTO [dbo].[Sale] ([id], [invoiceNumber], [branchId], [userId], [customerId], [cashSessionId], [totalAmount], [taxAmount], [discountAmount], [paymentMethod], [cashReceived], [changeGiven], [status], [pointsEarned], [pointsRedeemed], [pointsDiscount], [cfdiEmail], [cfdiUuid], [cardType], [mercadoPagoPaymentId], [mercadoPagoReference], [mercadoPagoStatus], [mercadoPagoQrData], [refundStatus], [refundId], [refundDate], [refundAmount], [createdAt], [updatedAt]) VALUES (1, 'V-589767123', 1, 3, NULL, 1, 40.6, 5.6, 0, 'EFECTIVO', 50, 9.4, 'CANCELADA', 0, 0, 0, 'gaelhernandezmonroy@gmail.com', 'sim-1jo6m41ag1e-blpivy2fcfq', NULL, NULL, NULL, NULL, NULL, NULL, NULL, NULL, NULL, '2026-06-02 08:29:49.773', '2026-06-02 12:36:50.866');
INSERT INTO [dbo].[Sale] ([id], [invoiceNumber], [branchId], [userId], [customerId], [cashSessionId], [totalAmount], [taxAmount], [discountAmount], [paymentMethod], [cashReceived], [changeGiven], [status], [pointsEarned], [pointsRedeemed], [pointsDiscount], [cfdiEmail], [cfdiUuid], [cardType], [mercadoPagoPaymentId], [mercadoPagoReference], [mercadoPagoStatus], [mercadoPagoQrData], [refundStatus], [refundId], [refundDate], [refundAmount], [createdAt], [updatedAt]) VALUES (2, 'V-213138525', 1, 11, NULL, 3, 41.76, 5.76, 0, 'EFECTIVO', 50, 8.24, 'COMPLETADA', 0, 0, 0, NULL, NULL, NULL, NULL, NULL, NULL, NULL, NULL, NULL, NULL, NULL, '2026-06-02 09:13:33.147', '2026-06-02 09:13:33.147');
INSERT INTO [dbo].[Sale] ([id], [invoiceNumber], [branchId], [userId], [customerId], [cashSessionId], [totalAmount], [taxAmount], [discountAmount], [paymentMethod], [cashReceived], [changeGiven], [status], [pointsEarned], [pointsRedeemed], [pointsDiscount], [cfdiEmail], [cfdiUuid], [cardType], [mercadoPagoPaymentId], [mercadoPagoReference], [mercadoPagoStatus], [mercadoPagoQrData], [refundStatus], [refundId], [refundDate], [refundAmount], [createdAt], [updatedAt]) VALUES (3, 'V-728952246', 1, 3, NULL, 5, 41.76, 5.76, 0, 'EFECTIVO', 50, 8.24, 'COMPLETADA', 0, 0, 0, NULL, NULL, NULL, NULL, NULL, NULL, NULL, NULL, NULL, NULL, NULL, '2026-06-02 10:12:08.967', '2026-06-02 10:13:54.164');
INSERT INTO [dbo].[Sale] ([id], [invoiceNumber], [branchId], [userId], [customerId], [cashSessionId], [totalAmount], [taxAmount], [discountAmount], [paymentMethod], [cashReceived], [changeGiven], [status], [pointsEarned], [pointsRedeemed], [pointsDiscount], [cfdiEmail], [cfdiUuid], [cardType], [mercadoPagoPaymentId], [mercadoPagoReference], [mercadoPagoStatus], [mercadoPagoQrData], [refundStatus], [refundId], [refundDate], [refundAmount], [createdAt], [updatedAt]) VALUES (4, 'V-592284169', 1, 3, NULL, 5, 52.2, 7.2, 0, 'TARJETA', NULL, NULL, 'COMPLETADA', 0, 0, 0, 'gaelhernandezmonroy@gmail.com', 'a985db9e-403a-4e4c-a75d-f6d03ee96526', NULL, NULL, NULL, NULL, NULL, NULL, NULL, NULL, NULL, '2026-06-02 10:26:32.291', '2026-06-02 10:52:18.499');
INSERT INTO [dbo].[Sale] ([id], [invoiceNumber], [branchId], [userId], [customerId], [cashSessionId], [totalAmount], [taxAmount], [discountAmount], [paymentMethod], [cashReceived], [changeGiven], [status], [pointsEarned], [pointsRedeemed], [pointsDiscount], [cfdiEmail], [cfdiUuid], [cardType], [mercadoPagoPaymentId], [mercadoPagoReference], [mercadoPagoStatus], [mercadoPagoQrData], [refundStatus], [refundId], [refundDate], [refundAmount], [createdAt], [updatedAt]) VALUES (5, 'V-319856291', 1, 3, NULL, 5, 41.76, 5.76, 0, 'EFECTIVO', 50, 8.24, 'COMPLETADA', 0, 0, 0, 'gaelhernandezmonroy@gmail.com', 'f18c675e-01e7-411e-bc47-966fe9980c36', NULL, NULL, NULL, NULL, NULL, NULL, NULL, NULL, NULL, '2026-06-02 10:55:19.862', '2026-06-02 10:55:53.994');
INSERT INTO [dbo].[Sale] ([id], [invoiceNumber], [branchId], [userId], [customerId], [cashSessionId], [totalAmount], [taxAmount], [discountAmount], [paymentMethod], [cashReceived], [changeGiven], [status], [pointsEarned], [pointsRedeemed], [pointsDiscount], [cfdiEmail], [cfdiUuid], [cardType], [mercadoPagoPaymentId], [mercadoPagoReference], [mercadoPagoStatus], [mercadoPagoQrData], [refundStatus], [refundId], [refundDate], [refundAmount], [createdAt], [updatedAt]) VALUES (6, 'V-725013330', 1, 3, NULL, 5, 52.2, 7.2, 0, 'EFECTIVO', 60, 7.8, 'CANCELADA', 0, 0, 0, 'gaelhernandezmonroy@gmail.com', '70fe029f-34bf-4641-b467-3858de51e8e8:6a1f0cb3fed5239e5fd29c75', NULL, NULL, NULL, NULL, NULL, NULL, NULL, NULL, NULL, '2026-06-02 11:02:05.020', '2026-06-02 12:01:38.660');
INSERT INTO [dbo].[Sale] ([id], [invoiceNumber], [branchId], [userId], [customerId], [cashSessionId], [totalAmount], [taxAmount], [discountAmount], [paymentMethod], [cashReceived], [changeGiven], [status], [pointsEarned], [pointsRedeemed], [pointsDiscount], [cfdiEmail], [cfdiUuid], [cardType], [mercadoPagoPaymentId], [mercadoPagoReference], [mercadoPagoStatus], [mercadoPagoQrData], [refundStatus], [refundId], [refundDate], [refundAmount], [createdAt], [updatedAt]) VALUES (7, 'V-869113923', 1, 3, NULL, 5, 170.52, 23.52, 0, 'EFECTIVO', 500, 329.48, 'CANCELADA', 0, 0, 0, NULL, NULL, NULL, NULL, NULL, NULL, NULL, NULL, NULL, NULL, NULL, '2026-06-02 11:54:29.376', '2026-06-02 12:01:50.865');
INSERT INTO [dbo].[Sale] ([id], [invoiceNumber], [branchId], [userId], [customerId], [cashSessionId], [totalAmount], [taxAmount], [discountAmount], [paymentMethod], [cashReceived], [changeGiven], [status], [pointsEarned], [pointsRedeemed], [pointsDiscount], [cfdiEmail], [cfdiUuid], [cardType], [mercadoPagoPaymentId], [mercadoPagoReference], [mercadoPagoStatus], [mercadoPagoQrData], [refundStatus], [refundId], [refundDate], [refundAmount], [createdAt], [updatedAt]) VALUES (8, 'V-070179367', 1, 3, NULL, 6, 52.2, 7.2, 0, 'EFECTIVO', 600, 547.8, 'COMPLETADA', 0, 0, 0, NULL, NULL, NULL, NULL, NULL, NULL, NULL, NULL, NULL, NULL, NULL, '2026-06-02 16:24:30.448', '2026-06-02 16:24:30.448');
INSERT INTO [dbo].[Sale] ([id], [invoiceNumber], [branchId], [userId], [customerId], [cashSessionId], [totalAmount], [taxAmount], [discountAmount], [paymentMethod], [cashReceived], [changeGiven], [status], [pointsEarned], [pointsRedeemed], [pointsDiscount], [cfdiEmail], [cfdiUuid], [cardType], [mercadoPagoPaymentId], [mercadoPagoReference], [mercadoPagoStatus], [mercadoPagoQrData], [refundStatus], [refundId], [refundDate], [refundAmount], [createdAt], [updatedAt]) VALUES (9, 'V-456180811', 1, 3, NULL, 7, 208.8, 28.8, 0, 'TARJETA', NULL, NULL, 'COMPLETADA', 0, 0, 0, NULL, NULL, NULL, NULL, NULL, NULL, NULL, NULL, NULL, NULL, NULL, '2026-06-02 16:47:36.212', '2026-06-02 16:47:36.212');
INSERT INTO [dbo].[Sale] ([id], [invoiceNumber], [branchId], [userId], [customerId], [cashSessionId], [totalAmount], [taxAmount], [discountAmount], [paymentMethod], [cashReceived], [changeGiven], [status], [pointsEarned], [pointsRedeemed], [pointsDiscount], [cfdiEmail], [cfdiUuid], [cardType], [mercadoPagoPaymentId], [mercadoPagoReference], [mercadoPagoStatus], [mercadoPagoQrData], [refundStatus], [refundId], [refundDate], [refundAmount], [createdAt], [updatedAt]) VALUES (10, 'V-503179861', 1, 3, NULL, 7, 198.36, 27.36, 0, 'TARJETA', NULL, NULL, 'COMPLETADA', 0, 0, 0, NULL, NULL, NULL, NULL, NULL, NULL, NULL, NULL, NULL, NULL, NULL, '2026-06-02 16:48:23.182', '2026-06-02 16:48:23.182');
INSERT INTO [dbo].[Sale] ([id], [invoiceNumber], [branchId], [userId], [customerId], [cashSessionId], [totalAmount], [taxAmount], [discountAmount], [paymentMethod], [cashReceived], [changeGiven], [status], [pointsEarned], [pointsRedeemed], [pointsDiscount], [cfdiEmail], [cfdiUuid], [cardType], [mercadoPagoPaymentId], [mercadoPagoReference], [mercadoPagoStatus], [mercadoPagoQrData], [refundStatus], [refundId], [refundDate], [refundAmount], [createdAt], [updatedAt]) VALUES (11, 'V-790157749', 1, 3, NULL, 7, 52.2, 7.2, 0, 'EFECTIVO', 60, 7.8, 'COMPLETADA', 0, 0, 0, NULL, NULL, NULL, NULL, NULL, NULL, NULL, NULL, NULL, NULL, NULL, '2026-06-02 17:43:10.181', '2026-06-02 17:43:10.181');
INSERT INTO [dbo].[Sale] ([id], [invoiceNumber], [branchId], [userId], [customerId], [cashSessionId], [totalAmount], [taxAmount], [discountAmount], [paymentMethod], [cashReceived], [changeGiven], [status], [pointsEarned], [pointsRedeemed], [pointsDiscount], [cfdiEmail], [cfdiUuid], [cardType], [mercadoPagoPaymentId], [mercadoPagoReference], [mercadoPagoStatus], [mercadoPagoQrData], [refundStatus], [refundId], [refundDate], [refundAmount], [createdAt], [updatedAt]) VALUES (12, 'V-741552929', 1, 3, NULL, 7, 19.72, 2.72, 0, 'TARJETA', NULL, NULL, 'COMPLETADA', 0, 0, 0, NULL, NULL, 'CREDITO', NULL, NULL, NULL, NULL, NULL, NULL, NULL, NULL, '2026-06-03 10:22:21.564', '2026-06-03 10:22:21.564');
INSERT INTO [dbo].[Sale] ([id], [invoiceNumber], [branchId], [userId], [customerId], [cashSessionId], [totalAmount], [taxAmount], [discountAmount], [paymentMethod], [cashReceived], [changeGiven], [status], [pointsEarned], [pointsRedeemed], [pointsDiscount], [cfdiEmail], [cfdiUuid], [cardType], [mercadoPagoPaymentId], [mercadoPagoReference], [mercadoPagoStatus], [mercadoPagoQrData], [refundStatus], [refundId], [refundDate], [refundAmount], [createdAt], [updatedAt]) VALUES (13, 'V-433468380', 1, 11, NULL, 3, 52.2, 7.2, 0, 'MIXTO', 200, 347.8, 'COMPLETADA', 0, 0, 0, NULL, NULL, 'CREDITO', NULL, NULL, NULL, NULL, NULL, NULL, NULL, NULL, '2026-06-03 10:33:53.475', '2026-06-03 10:33:53.475');
INSERT INTO [dbo].[Sale] ([id], [invoiceNumber], [branchId], [userId], [customerId], [cashSessionId], [totalAmount], [taxAmount], [discountAmount], [paymentMethod], [cashReceived], [changeGiven], [status], [pointsEarned], [pointsRedeemed], [pointsDiscount], [cfdiEmail], [cfdiUuid], [cardType], [mercadoPagoPaymentId], [mercadoPagoReference], [mercadoPagoStatus], [mercadoPagoQrData], [refundStatus], [refundId], [refundDate], [refundAmount], [createdAt], [updatedAt]) VALUES (14, 'V-345759924', 1, 11, NULL, 3, 39.44, 5.44, 17, 'MIXTO', 200, 160.56, 'COMPLETADA', 0, 0, 0, NULL, NULL, 'CREDITO', NULL, NULL, NULL, NULL, NULL, NULL, NULL, NULL, '2026-06-03 10:49:05.763', '2026-06-03 10:49:05.763');
INSERT INTO [dbo].[Sale] ([id], [invoiceNumber], [branchId], [userId], [customerId], [cashSessionId], [totalAmount], [taxAmount], [discountAmount], [paymentMethod], [cashReceived], [changeGiven], [status], [pointsEarned], [pointsRedeemed], [pointsDiscount], [cfdiEmail], [cfdiUuid], [cardType], [mercadoPagoPaymentId], [mercadoPagoReference], [mercadoPagoStatus], [mercadoPagoQrData], [refundStatus], [refundId], [refundDate], [refundAmount], [createdAt], [updatedAt]) VALUES (15, 'V-121086979', 1, 3, NULL, 7, 39.44, 5.44, 17, 'MIXTO', 40, 0.56, 'COMPLETADA', 0, 0, 0, NULL, NULL, 'DEBITO', NULL, NULL, NULL, NULL, NULL, NULL, NULL, NULL, '2026-06-03 11:02:01.093', '2026-06-03 11:02:01.093');
INSERT INTO [dbo].[Sale] ([id], [invoiceNumber], [branchId], [userId], [customerId], [cashSessionId], [totalAmount], [taxAmount], [discountAmount], [paymentMethod], [cashReceived], [changeGiven], [status], [pointsEarned], [pointsRedeemed], [pointsDiscount], [cfdiEmail], [cfdiUuid], [cardType], [mercadoPagoPaymentId], [mercadoPagoReference], [mercadoPagoStatus], [mercadoPagoQrData], [refundStatus], [refundId], [refundDate], [refundAmount], [createdAt], [updatedAt]) VALUES (16, 'V-166664890', 1, 3, NULL, 7, 52.2, 7.2, 0, 'MIXTO', 200, 147.8, 'CANCELADA', 0, 0, 0, NULL, NULL, 'DEBITO', NULL, NULL, NULL, NULL, NULL, NULL, NULL, NULL, '2026-06-03 11:02:46.670', '2026-06-03 11:57:54.740');
INSERT INTO [dbo].[Sale] ([id], [invoiceNumber], [branchId], [userId], [customerId], [cashSessionId], [totalAmount], [taxAmount], [discountAmount], [paymentMethod], [cashReceived], [changeGiven], [status], [pointsEarned], [pointsRedeemed], [pointsDiscount], [cfdiEmail], [cfdiUuid], [cardType], [mercadoPagoPaymentId], [mercadoPagoReference], [mercadoPagoStatus], [mercadoPagoQrData], [refundStatus], [refundId], [refundDate], [refundAmount], [createdAt], [updatedAt]) VALUES (17, 'V-282784312', 1, 3, NULL, 7, 16.7, 2.3, 3.6, 'EFECTIVO', 20, 3.3, 'CANCELADA', 0, 0, 0, NULL, NULL, NULL, NULL, NULL, NULL, NULL, NULL, NULL, NULL, NULL, '2026-06-03 11:04:42.788', '2026-06-03 11:45:27.172');
INSERT INTO [dbo].[Sale] ([id], [invoiceNumber], [branchId], [userId], [customerId], [cashSessionId], [totalAmount], [taxAmount], [discountAmount], [paymentMethod], [cashReceived], [changeGiven], [status], [pointsEarned], [pointsRedeemed], [pointsDiscount], [cfdiEmail], [cfdiUuid], [cardType], [mercadoPagoPaymentId], [mercadoPagoReference], [mercadoPagoStatus], [mercadoPagoQrData], [refundStatus], [refundId], [refundDate], [refundAmount], [createdAt], [updatedAt]) VALUES (18, 'V-879250172', 1, 3, NULL, 8, 52.2, 7.2, 0, 'EFECTIVO', 60, 7.8, 'CANCELADA', 0, 0, 0, NULL, NULL, NULL, NULL, NULL, NULL, NULL, NULL, NULL, NULL, NULL, '2026-06-03 12:37:59.259', '2026-06-03 13:06:01.151');
INSERT INTO [dbo].[Sale] ([id], [invoiceNumber], [branchId], [userId], [customerId], [cashSessionId], [totalAmount], [taxAmount], [discountAmount], [paymentMethod], [cashReceived], [changeGiven], [status], [pointsEarned], [pointsRedeemed], [pointsDiscount], [cfdiEmail], [cfdiUuid], [cardType], [mercadoPagoPaymentId], [mercadoPagoReference], [mercadoPagoStatus], [mercadoPagoQrData], [refundStatus], [refundId], [refundDate], [refundAmount], [createdAt], [updatedAt]) VALUES (19, 'V-018338888', 1, 3, NULL, 11, 16.7, 2.3, 3.6, 'EFECTIVO', 20, 3.3, 'CANCELADA', 0, 0, 0, NULL, NULL, NULL, NULL, NULL, NULL, NULL, NULL, NULL, NULL, NULL, '2026-06-03 12:40:18.342', '2026-06-03 13:06:01.151');
INSERT INTO [dbo].[Sale] ([id], [invoiceNumber], [branchId], [userId], [customerId], [cashSessionId], [totalAmount], [taxAmount], [discountAmount], [paymentMethod], [cashReceived], [changeGiven], [status], [pointsEarned], [pointsRedeemed], [pointsDiscount], [cfdiEmail], [cfdiUuid], [cardType], [mercadoPagoPaymentId], [mercadoPagoReference], [mercadoPagoStatus], [mercadoPagoQrData], [refundStatus], [refundId], [refundDate], [refundAmount], [createdAt], [updatedAt]) VALUES (20, 'V-744633449', 1, 3, NULL, 12, 20.88, 2.88, 0, 'QR_MERCADOPAGO', NULL, NULL, 'PENDIENTE', 0, 0, 0, NULL, NULL, NULL, NULL, NULL, NULL, NULL, NULL, NULL, NULL, NULL, '2026-06-03 12:52:24.825', '2026-06-03 13:06:01.151');
INSERT INTO [dbo].[Sale] ([id], [invoiceNumber], [branchId], [userId], [customerId], [cashSessionId], [totalAmount], [taxAmount], [discountAmount], [paymentMethod], [cashReceived], [changeGiven], [status], [pointsEarned], [pointsRedeemed], [pointsDiscount], [cfdiEmail], [cfdiUuid], [cardType], [mercadoPagoPaymentId], [mercadoPagoReference], [mercadoPagoStatus], [mercadoPagoQrData], [refundStatus], [refundId], [refundDate], [refundAmount], [createdAt], [updatedAt]) VALUES (21, 'V-253221724', 1, 3, NULL, 7, 20.88, 2.88, 0, 'QR_MERCADOPAGO', NULL, NULL, 'PENDIENTE', 0, 0, 0, NULL, NULL, NULL, NULL, NULL, NULL, NULL, NULL, NULL, NULL, NULL, '2026-06-03 13:34:13.408', '2026-06-03 13:34:13.408');
INSERT INTO [dbo].[Sale] ([id], [invoiceNumber], [branchId], [userId], [customerId], [cashSessionId], [totalAmount], [taxAmount], [discountAmount], [paymentMethod], [cashReceived], [changeGiven], [status], [pointsEarned], [pointsRedeemed], [pointsDiscount], [cfdiEmail], [cfdiUuid], [cardType], [mercadoPagoPaymentId], [mercadoPagoReference], [mercadoPagoStatus], [mercadoPagoQrData], [refundStatus], [refundId], [refundDate], [refundAmount], [createdAt], [updatedAt]) VALUES (22, 'V-079605403', 1, 3, NULL, 7, 39.44, 5.44, 0, 'QR_MERCADOPAGO', NULL, NULL, 'CANCELADA', 0, 0, 0, NULL, NULL, NULL, 'mock-pay-V-079605403', NULL, 'approved', NULL, 'APPROVED', 'mock-ref-1780517117780', '2026-06-03 14:05:18.000', 39.44, '2026-06-03 14:04:39.798', '2026-06-03 14:05:18.012');
INSERT INTO [dbo].[Sale] ([id], [invoiceNumber], [branchId], [userId], [customerId], [cashSessionId], [totalAmount], [taxAmount], [discountAmount], [paymentMethod], [cashReceived], [changeGiven], [status], [pointsEarned], [pointsRedeemed], [pointsDiscount], [cfdiEmail], [cfdiUuid], [cardType], [mercadoPagoPaymentId], [mercadoPagoReference], [mercadoPagoStatus], [mercadoPagoQrData], [refundStatus], [refundId], [refundDate], [refundAmount], [createdAt], [updatedAt]) VALUES (23, 'V-863302885', 1, 3, NULL, 12, 16.7, 2.3, 3.6, 'QR_MERCADOPAGO', NULL, NULL, 'COMPLETADA', 0, 0, 0, 'gaelhernandezmonroy@gmail.com', '976bf96e-95f9-4661-8f9c-6eace44d4c2a:6a20940eb641962245423fcb', NULL, 'mock-pay-V-863302885', NULL, 'approved', NULL, NULL, NULL, NULL, NULL, '2026-06-03 14:51:03.315', '2026-06-03 14:52:28.571');
INSERT INTO [dbo].[Sale] ([id], [invoiceNumber], [branchId], [userId], [customerId], [cashSessionId], [totalAmount], [taxAmount], [discountAmount], [paymentMethod], [cashReceived], [changeGiven], [status], [pointsEarned], [pointsRedeemed], [pointsDiscount], [cfdiEmail], [cfdiUuid], [cardType], [mercadoPagoPaymentId], [mercadoPagoReference], [mercadoPagoStatus], [mercadoPagoQrData], [refundStatus], [refundId], [refundDate], [refundAmount], [createdAt], [updatedAt]) VALUES (24, 'V-490684521', 1, 3, NULL, 15, 85.61, 11.81, 7.2, 'EFECTIVO', 100, 14.39, 'COMPLETADA', 0, 0, 0, NULL, NULL, NULL, NULL, NULL, NULL, NULL, NULL, NULL, NULL, NULL, '2026-06-03 16:41:30.890', '2026-06-03 16:41:30.890');
INSERT INTO [dbo].[Sale] ([id], [invoiceNumber], [branchId], [userId], [customerId], [cashSessionId], [totalAmount], [taxAmount], [discountAmount], [paymentMethod], [cashReceived], [changeGiven], [status], [pointsEarned], [pointsRedeemed], [pointsDiscount], [cfdiEmail], [cfdiUuid], [cardType], [mercadoPagoPaymentId], [mercadoPagoReference], [mercadoPagoStatus], [mercadoPagoQrData], [refundStatus], [refundId], [refundDate], [refundAmount], [createdAt], [updatedAt]) VALUES (25, 'V-988868593', 1, 3, NULL, 15, 52.2, 7.2, 0, 'QR_MERCADOPAGO', NULL, NULL, 'CANCELADA', 0, 0, 0, NULL, NULL, NULL, 'mock-pay-V-988868593', NULL, 'approved', NULL, 'APPROVED', 'mock-ref-1780528092940', '2026-06-03 17:08:12.942', 52.2, '2026-06-03 17:06:28.890', '2026-06-03 17:08:12.944');
INSERT INTO [dbo].[Sale] ([id], [invoiceNumber], [branchId], [userId], [customerId], [cashSessionId], [totalAmount], [taxAmount], [discountAmount], [paymentMethod], [cashReceived], [changeGiven], [status], [pointsEarned], [pointsRedeemed], [pointsDiscount], [cfdiEmail], [cfdiUuid], [cardType], [mercadoPagoPaymentId], [mercadoPagoReference], [mercadoPagoStatus], [mercadoPagoQrData], [refundStatus], [refundId], [refundDate], [refundAmount], [createdAt], [updatedAt]) VALUES (26, 'V-692731219', 1, 3, NULL, 16, 83.52, 11.52, 17, 'EFECTIVO', 90, 6.48, 'COMPLETADA', 0, 0, 0, NULL, NULL, NULL, NULL, NULL, NULL, NULL, NULL, NULL, NULL, NULL, '2026-06-03 17:18:12.735', '2026-06-03 17:18:12.735');
INSERT INTO [dbo].[Sale] ([id], [invoiceNumber], [branchId], [userId], [customerId], [cashSessionId], [totalAmount], [taxAmount], [discountAmount], [paymentMethod], [cashReceived], [changeGiven], [status], [pointsEarned], [pointsRedeemed], [pointsDiscount], [cfdiEmail], [cfdiUuid], [cardType], [mercadoPagoPaymentId], [mercadoPagoReference], [mercadoPagoStatus], [mercadoPagoQrData], [refundStatus], [refundId], [refundDate], [refundAmount], [createdAt], [updatedAt]) VALUES (27, 'V-887687299', 1, 3, 6, 16, 125.28, 17.28, 0, 'EFECTIVO', 200, 74.72, 'COMPLETADA', 12, 0, 0, NULL, NULL, NULL, NULL, NULL, NULL, NULL, NULL, NULL, NULL, NULL, '2026-06-03 17:21:27.690', '2026-06-03 17:21:27.690');
INSERT INTO [dbo].[Sale] ([id], [invoiceNumber], [branchId], [userId], [customerId], [cashSessionId], [totalAmount], [taxAmount], [discountAmount], [paymentMethod], [cashReceived], [changeGiven], [status], [pointsEarned], [pointsRedeemed], [pointsDiscount], [cfdiEmail], [cfdiUuid], [cardType], [mercadoPagoPaymentId], [mercadoPagoReference], [mercadoPagoStatus], [mercadoPagoQrData], [refundStatus], [refundId], [refundDate], [refundAmount], [createdAt], [updatedAt]) VALUES (28, 'V-659741750', 1, 3, NULL, 16, 36.42, 5.02, 3.6, 'QR_MERCADOPAGO', NULL, NULL, 'COMPLETADA', 0, 0, 0, NULL, NULL, NULL, 'mock-pay-V-659741750', NULL, 'approved', NULL, NULL, NULL, NULL, NULL, '2026-06-03 17:34:19.744', '2026-06-03 17:34:31.154');
INSERT INTO [dbo].[Sale] ([id], [invoiceNumber], [branchId], [userId], [customerId], [cashSessionId], [totalAmount], [taxAmount], [discountAmount], [paymentMethod], [cashReceived], [changeGiven], [status], [pointsEarned], [pointsRedeemed], [pointsDiscount], [cfdiEmail], [cfdiUuid], [cardType], [mercadoPagoPaymentId], [mercadoPagoReference], [mercadoPagoStatus], [mercadoPagoQrData], [refundStatus], [refundId], [refundDate], [refundAmount], [createdAt], [updatedAt]) VALUES (29, 'V-961809902', 1, 3, NULL, 20, 56.14, 7.74, 20.6, 'QR_MERCADOPAGO', NULL, NULL, 'CANCELADA', 0, 0, 0, NULL, NULL, NULL, 'mock-pay-V-961809902', NULL, 'approved', NULL, 'APPROVED', 'mock-ref-1780542027073', '2026-06-03 21:00:27.074', 56.14, '2026-06-03 20:59:21.823', '2026-06-03 21:00:27.075');
INSERT INTO [dbo].[Sale] ([id], [invoiceNumber], [branchId], [userId], [customerId], [cashSessionId], [totalAmount], [taxAmount], [discountAmount], [paymentMethod], [cashReceived], [changeGiven], [status], [pointsEarned], [pointsRedeemed], [pointsDiscount], [cfdiEmail], [cfdiUuid], [cardType], [mercadoPagoPaymentId], [mercadoPagoReference], [mercadoPagoStatus], [mercadoPagoQrData], [refundStatus], [refundId], [refundDate], [refundAmount], [createdAt], [updatedAt]) VALUES (30, 'V-075483687', 1, 3, 7, 20, 552.16, 76.16, 70, 'EFECTIVO', 600, 47.84, 'COMPLETADA', 55, 0, 0, NULL, NULL, NULL, NULL, NULL, NULL, NULL, NULL, NULL, NULL, NULL, '2026-06-03 21:01:15.487', '2026-06-03 21:01:15.487');
INSERT INTO [dbo].[Sale] ([id], [invoiceNumber], [branchId], [userId], [customerId], [cashSessionId], [totalAmount], [taxAmount], [discountAmount], [paymentMethod], [cashReceived], [changeGiven], [status], [pointsEarned], [pointsRedeemed], [pointsDiscount], [cfdiEmail], [cfdiUuid], [cardType], [mercadoPagoPaymentId], [mercadoPagoReference], [mercadoPagoStatus], [mercadoPagoQrData], [refundStatus], [refundId], [refundDate], [refundAmount], [createdAt], [updatedAt]) VALUES (31, 'V-687107463', 1, 3, NULL, 21, 63.8, 8.8, 17, 'QR_MERCADOPAGO', NULL, NULL, 'COMPLETADA', 0, 0, 0, NULL, NULL, NULL, 'mock-pay-V-687107463', NULL, 'approved', NULL, NULL, NULL, NULL, NULL, '2026-06-03 22:51:27.553', '2026-06-03 22:51:33.695');
INSERT INTO [dbo].[Sale] ([id], [invoiceNumber], [branchId], [userId], [customerId], [cashSessionId], [totalAmount], [taxAmount], [discountAmount], [paymentMethod], [cashReceived], [changeGiven], [status], [pointsEarned], [pointsRedeemed], [pointsDiscount], [cfdiEmail], [cfdiUuid], [cardType], [mercadoPagoPaymentId], [mercadoPagoReference], [mercadoPagoStatus], [mercadoPagoQrData], [refundStatus], [refundId], [refundDate], [refundAmount], [createdAt], [updatedAt]) VALUES (32, 'V-286498471', 1, 3, NULL, 21, 63.8, 8.8, 17, 'QR_MERCADOPAGO', NULL, NULL, 'COMPLETADA', 0, 0, 0, NULL, NULL, NULL, 'mock-pay-V-286498471', NULL, 'approved', NULL, NULL, NULL, NULL, NULL, '2026-06-03 23:18:06.760', '2026-06-03 23:18:32.320');
INSERT INTO [dbo].[Sale] ([id], [invoiceNumber], [branchId], [userId], [customerId], [cashSessionId], [totalAmount], [taxAmount], [discountAmount], [paymentMethod], [cashReceived], [changeGiven], [status], [pointsEarned], [pointsRedeemed], [pointsDiscount], [cfdiEmail], [cfdiUuid], [cardType], [mercadoPagoPaymentId], [mercadoPagoReference], [mercadoPagoStatus], [mercadoPagoQrData], [refundStatus], [refundId], [refundDate], [refundAmount], [createdAt], [updatedAt]) VALUES (37, 'V-400912971', 1, 3, NULL, 21, 35.71, 6.91, 7.2, 'EFECTIVO', 50, 14, 'COMPLETADA', 0, 0, 0, NULL, NULL, NULL, NULL, NULL, NULL, NULL, NULL, NULL, NULL, NULL, '2026-06-04 10:43:21.167', '2026-06-04 10:43:21.167');
INSERT INTO [dbo].[Sale] ([id], [invoiceNumber], [branchId], [userId], [customerId], [cashSessionId], [totalAmount], [taxAmount], [discountAmount], [paymentMethod], [cashReceived], [changeGiven], [status], [pointsEarned], [pointsRedeemed], [pointsDiscount], [cfdiEmail], [cfdiUuid], [cardType], [mercadoPagoPaymentId], [mercadoPagoReference], [mercadoPagoStatus], [mercadoPagoQrData], [refundStatus], [refundId], [refundDate], [refundAmount], [createdAt], [updatedAt]) VALUES (50, 'V-847964362', 1, 3, NULL, 22, 21.08, 4.08, 0, 'TARJETA', NULL, NULL, 'COMPLETADA', 0, 0, 0, NULL, NULL, 'DEBITO', NULL, NULL, NULL, NULL, NULL, NULL, NULL, NULL, '2026-06-04 12:30:48.147', '2026-06-04 12:30:48.147');
INSERT INTO [dbo].[Sale] ([id], [invoiceNumber], [branchId], [userId], [customerId], [cashSessionId], [totalAmount], [taxAmount], [discountAmount], [paymentMethod], [cashReceived], [changeGiven], [status], [pointsEarned], [pointsRedeemed], [pointsDiscount], [cfdiEmail], [cfdiUuid], [cardType], [mercadoPagoPaymentId], [mercadoPagoReference], [mercadoPagoStatus], [mercadoPagoQrData], [refundStatus], [refundId], [refundDate], [refundAmount], [createdAt], [updatedAt]) VALUES (51, 'V-179726204', 1, 3, NULL, 22, 45, 0, 0, 'EFECTIVO', 60, 7.8, 'COMPLETADA', 0, 0, 0, NULL, NULL, NULL, NULL, NULL, NULL, NULL, NULL, NULL, NULL, NULL, '2026-06-04 12:36:19.916', '2026-06-04 12:36:19.916');
INSERT INTO [dbo].[Sale] ([id], [invoiceNumber], [branchId], [userId], [customerId], [cashSessionId], [totalAmount], [taxAmount], [discountAmount], [paymentMethod], [cashReceived], [changeGiven], [status], [pointsEarned], [pointsRedeemed], [pointsDiscount], [cfdiEmail], [cfdiUuid], [cardType], [mercadoPagoPaymentId], [mercadoPagoReference], [mercadoPagoStatus], [mercadoPagoQrData], [refundStatus], [refundId], [refundDate], [refundAmount], [createdAt], [updatedAt]) VALUES (52, 'V-067811213', 1, 3, NULL, 23, 45, 0, 0, 'QR_MERCADOPAGO', NULL, NULL, 'COMPLETADA', 0, 0, 0, NULL, NULL, NULL, 'mock-pay-V-067811213', NULL, 'approved', NULL, NULL, NULL, NULL, NULL, '2026-06-04 12:51:08.163', '2026-06-04 12:51:39.531');
INSERT INTO [dbo].[Sale] ([id], [invoiceNumber], [branchId], [userId], [customerId], [cashSessionId], [totalAmount], [taxAmount], [discountAmount], [paymentMethod], [cashReceived], [changeGiven], [status], [pointsEarned], [pointsRedeemed], [pointsDiscount], [cfdiEmail], [cfdiUuid], [cardType], [mercadoPagoPaymentId], [mercadoPagoReference], [mercadoPagoStatus], [mercadoPagoQrData], [refundStatus], [refundId], [refundDate], [refundAmount], [createdAt], [updatedAt]) VALUES (53, 'V-396461448', 1, 3, NULL, 24, 45, 0, 0, 'QR_MERCADOPAGO', NULL, NULL, 'PENDIENTE', 0, 0, 0, NULL, NULL, NULL, NULL, NULL, NULL, NULL, NULL, NULL, NULL, NULL, '2026-06-04 12:56:36.638', '2026-06-04 12:56:36.638');
INSERT INTO [dbo].[Sale] ([id], [invoiceNumber], [branchId], [userId], [customerId], [cashSessionId], [totalAmount], [taxAmount], [discountAmount], [paymentMethod], [cashReceived], [changeGiven], [status], [pointsEarned], [pointsRedeemed], [pointsDiscount], [cfdiEmail], [cfdiUuid], [cardType], [mercadoPagoPaymentId], [mercadoPagoReference], [mercadoPagoStatus], [mercadoPagoQrData], [refundStatus], [refundId], [refundDate], [refundAmount], [createdAt], [updatedAt]) VALUES (54, 'V-870972240', 1, 3, NULL, 24, 45, 0, 0, 'QR_MERCADOPAGO', NULL, NULL, 'COMPLETADA', 0, 0, 0, NULL, NULL, NULL, '161723729811', NULL, 'approved', NULL, NULL, NULL, NULL, NULL, '2026-06-04 13:04:31.147', '2026-06-04 13:35:43.503');
INSERT INTO [dbo].[Sale] ([id], [invoiceNumber], [branchId], [userId], [customerId], [cashSessionId], [totalAmount], [taxAmount], [discountAmount], [paymentMethod], [cashReceived], [changeGiven], [status], [pointsEarned], [pointsRedeemed], [pointsDiscount], [cfdiEmail], [cfdiUuid], [cardType], [mercadoPagoPaymentId], [mercadoPagoReference], [mercadoPagoStatus], [mercadoPagoQrData], [refundStatus], [refundId], [refundDate], [refundAmount], [createdAt], [updatedAt]) VALUES (55, 'V-945704313', 1, 3, NULL, 25, 36, 0, 0, 'QR_MERCADOPAGO', NULL, NULL, 'COMPLETADA', 0, 0, 0, NULL, NULL, NULL, '161724555639', NULL, 'approved', NULL, NULL, NULL, NULL, NULL, '2026-06-04 13:39:05.891', '2026-06-04 13:39:31.448');
INSERT INTO [dbo].[Sale] ([id], [invoiceNumber], [branchId], [userId], [customerId], [cashSessionId], [totalAmount], [taxAmount], [discountAmount], [paymentMethod], [cashReceived], [changeGiven], [status], [pointsEarned], [pointsRedeemed], [pointsDiscount], [cfdiEmail], [cfdiUuid], [cardType], [mercadoPagoPaymentId], [mercadoPagoReference], [mercadoPagoStatus], [mercadoPagoQrData], [refundStatus], [refundId], [refundDate], [refundAmount], [createdAt], [updatedAt]) VALUES (56, 'V-015105987', 1, 3, NULL, 26, 12, 0, 0, 'QR_MERCADOPAGO', NULL, NULL, 'COMPLETADA', 0, 0, 0, 'gaelhernandezmonroy@gmail.com', 'e8bf9041-304c-43c4-9405-077e686adf03:6a220a5d606d005fe10c39fc', NULL, '161724743805', NULL, 'approved', NULL, NULL, NULL, NULL, NULL, '2026-06-04 13:40:15.283', '2026-06-04 17:29:34.771');
INSERT INTO [dbo].[Sale] ([id], [invoiceNumber], [branchId], [userId], [customerId], [cashSessionId], [totalAmount], [taxAmount], [discountAmount], [paymentMethod], [cashReceived], [changeGiven], [status], [pointsEarned], [pointsRedeemed], [pointsDiscount], [cfdiEmail], [cfdiUuid], [cardType], [mercadoPagoPaymentId], [mercadoPagoReference], [mercadoPagoStatus], [mercadoPagoQrData], [refundStatus], [refundId], [refundDate], [refundAmount], [createdAt], [updatedAt]) VALUES (57, 'V-065890187', 1, 3, NULL, 26, 12, 0, 0, 'QR_MERCADOPAGO', NULL, NULL, 'COMPLETADA', 0, 0, 0, NULL, NULL, NULL, '162522909872', NULL, 'approved', NULL, NULL, NULL, NULL, NULL, '2026-06-04 13:41:06.075', '2026-06-04 13:42:18.950');
INSERT INTO [dbo].[Sale] ([id], [invoiceNumber], [branchId], [userId], [customerId], [cashSessionId], [totalAmount], [taxAmount], [discountAmount], [paymentMethod], [cashReceived], [changeGiven], [status], [pointsEarned], [pointsRedeemed], [pointsDiscount], [cfdiEmail], [cfdiUuid], [cardType], [mercadoPagoPaymentId], [mercadoPagoReference], [mercadoPagoStatus], [mercadoPagoQrData], [refundStatus], [refundId], [refundDate], [refundAmount], [createdAt], [updatedAt]) VALUES (58, 'V-285340762', 1, 3, NULL, 26, 12, 0, 0, 'QR_MERCADOPAGO', NULL, NULL, 'PENDIENTE', 0, 0, 0, NULL, NULL, NULL, NULL, NULL, NULL, NULL, NULL, NULL, NULL, NULL, '2026-06-04 13:44:45.515', '2026-06-04 13:44:45.515');
INSERT INTO [dbo].[Sale] ([id], [invoiceNumber], [branchId], [userId], [customerId], [cashSessionId], [totalAmount], [taxAmount], [discountAmount], [paymentMethod], [cashReceived], [changeGiven], [status], [pointsEarned], [pointsRedeemed], [pointsDiscount], [cfdiEmail], [cfdiUuid], [cardType], [mercadoPagoPaymentId], [mercadoPagoReference], [mercadoPagoStatus], [mercadoPagoQrData], [refundStatus], [refundId], [refundDate], [refundAmount], [createdAt], [updatedAt]) VALUES (59, 'V-298412713', 1, 3, NULL, 26, 12, 0, 0, 'QR_MERCADOPAGO', NULL, NULL, 'COMPLETADA', 0, 0, 0, NULL, NULL, NULL, '161725463779', NULL, 'approved', NULL, NULL, NULL, NULL, NULL, '2026-06-04 13:44:58.767', '2026-06-04 13:45:40.085');
INSERT INTO [dbo].[Sale] ([id], [invoiceNumber], [branchId], [userId], [customerId], [cashSessionId], [totalAmount], [taxAmount], [discountAmount], [paymentMethod], [cashReceived], [changeGiven], [status], [pointsEarned], [pointsRedeemed], [pointsDiscount], [cfdiEmail], [cfdiUuid], [cardType], [mercadoPagoPaymentId], [mercadoPagoReference], [mercadoPagoStatus], [mercadoPagoQrData], [refundStatus], [refundId], [refundDate], [refundAmount], [createdAt], [updatedAt]) VALUES (60, 'V-074662301', 1, 3, NULL, 26, 45, 0, 0, 'QR_MERCADOPAGO', NULL, NULL, 'COMPLETADA', 0, 0, 0, NULL, NULL, NULL, '162525302102', NULL, 'approved', NULL, NULL, NULL, NULL, NULL, '2026-06-04 13:57:54.842', '2026-06-04 13:58:29.229');
INSERT INTO [dbo].[Sale] ([id], [invoiceNumber], [branchId], [userId], [customerId], [cashSessionId], [totalAmount], [taxAmount], [discountAmount], [paymentMethod], [cashReceived], [changeGiven], [status], [pointsEarned], [pointsRedeemed], [pointsDiscount], [cfdiEmail], [cfdiUuid], [cardType], [mercadoPagoPaymentId], [mercadoPagoReference], [mercadoPagoStatus], [mercadoPagoQrData], [refundStatus], [refundId], [refundDate], [refundAmount], [createdAt], [updatedAt]) VALUES (61, 'V-375179329', 1, 3, NULL, 26, 35.71, 6.91, 7.2, 'QR_MERCADOPAGO', NULL, NULL, 'CANCELADA', 0, 0, 0, NULL, NULL, NULL, '162525905700', NULL, 'approved', NULL, NULL, NULL, NULL, NULL, '2026-06-04 14:02:55.367', '2026-06-04 15:08:02.398');
INSERT INTO [dbo].[Sale] ([id], [invoiceNumber], [branchId], [userId], [customerId], [cashSessionId], [totalAmount], [taxAmount], [discountAmount], [paymentMethod], [cashReceived], [changeGiven], [status], [pointsEarned], [pointsRedeemed], [pointsDiscount], [cfdiEmail], [cfdiUuid], [cardType], [mercadoPagoPaymentId], [mercadoPagoReference], [mercadoPagoStatus], [mercadoPagoQrData], [refundStatus], [refundId], [refundDate], [refundAmount], [createdAt], [updatedAt]) VALUES (62, 'V-490939763', 1, 3, NULL, 26, 21.08, 4.08, 0, 'QR_MERCADOPAGO', NULL, NULL, 'PENDIENTE', 0, 0, 0, NULL, NULL, NULL, NULL, NULL, NULL, NULL, NULL, NULL, NULL, NULL, '2026-06-04 15:44:51.131', '2026-06-04 15:44:51.131');
INSERT INTO [dbo].[Sale] ([id], [invoiceNumber], [branchId], [userId], [customerId], [cashSessionId], [totalAmount], [taxAmount], [discountAmount], [paymentMethod], [cashReceived], [changeGiven], [status], [pointsEarned], [pointsRedeemed], [pointsDiscount], [cfdiEmail], [cfdiUuid], [cardType], [mercadoPagoPaymentId], [mercadoPagoReference], [mercadoPagoStatus], [mercadoPagoQrData], [refundStatus], [refundId], [refundDate], [refundAmount], [createdAt], [updatedAt]) VALUES (63, 'V-831702401', 1, 3, NULL, 26, 21.08, 4.08, 0, 'QR_MERCADOPAGO', NULL, NULL, 'CANCELADA', 0, 0, 0, NULL, NULL, NULL, NULL, NULL, NULL, NULL, NULL, NULL, NULL, NULL, '2026-06-04 15:50:31.891', '2026-06-04 16:47:15.678');
INSERT INTO [dbo].[Sale] ([id], [invoiceNumber], [branchId], [userId], [customerId], [cashSessionId], [totalAmount], [taxAmount], [discountAmount], [paymentMethod], [cashReceived], [changeGiven], [status], [pointsEarned], [pointsRedeemed], [pointsDiscount], [cfdiEmail], [cfdiUuid], [cardType], [mercadoPagoPaymentId], [mercadoPagoReference], [mercadoPagoStatus], [mercadoPagoQrData], [refundStatus], [refundId], [refundDate], [refundAmount], [createdAt], [updatedAt]) VALUES (64, 'V-927553648', 1, 3, NULL, 26, 35.71, 6.91, 7.2, 'QR_MERCADOPAGO', NULL, NULL, 'COMPLETADA', 0, 0, 0, NULL, NULL, NULL, '161752818303', NULL, 'approved', NULL, NULL, NULL, NULL, NULL, '2026-06-04 16:08:47.741', '2026-06-04 16:30:53.159');
INSERT INTO [dbo].[Sale] ([id], [invoiceNumber], [branchId], [userId], [customerId], [cashSessionId], [totalAmount], [taxAmount], [discountAmount], [paymentMethod], [cashReceived], [changeGiven], [status], [pointsEarned], [pointsRedeemed], [pointsDiscount], [cfdiEmail], [cfdiUuid], [cardType], [mercadoPagoPaymentId], [mercadoPagoReference], [mercadoPagoStatus], [mercadoPagoQrData], [refundStatus], [refundId], [refundDate], [refundAmount], [createdAt], [updatedAt]) VALUES (65, 'V-251844843', 1, 3, NULL, 26, 42.16, 8.16, 0, 'QR_MERCADOPAGO', NULL, NULL, 'COMPLETADA', 0, 0, 0, NULL, NULL, NULL, '161755682137', NULL, 'approved', NULL, NULL, NULL, NULL, NULL, '2026-06-04 16:47:32.024', '2026-06-04 16:48:00.767');
INSERT INTO [dbo].[Sale] ([id], [invoiceNumber], [branchId], [userId], [customerId], [cashSessionId], [totalAmount], [taxAmount], [discountAmount], [paymentMethod], [cashReceived], [changeGiven], [status], [pointsEarned], [pointsRedeemed], [pointsDiscount], [cfdiEmail], [cfdiUuid], [cardType], [mercadoPagoPaymentId], [mercadoPagoReference], [mercadoPagoStatus], [mercadoPagoQrData], [refundStatus], [refundId], [refundDate], [refundAmount], [createdAt], [updatedAt]) VALUES (66, 'V-311378502', 1, 3, NULL, 27, 42.16, 8.16, 17, 'QR_MERCADOPAGO', NULL, NULL, 'PENDIENTE', 0, 0, 0, NULL, NULL, NULL, NULL, NULL, NULL, NULL, NULL, NULL, NULL, NULL, '2026-06-04 17:21:51.737', '2026-06-04 17:21:51.737');
INSERT INTO [dbo].[Sale] ([id], [invoiceNumber], [branchId], [userId], [customerId], [cashSessionId], [totalAmount], [taxAmount], [discountAmount], [paymentMethod], [cashReceived], [changeGiven], [status], [pointsEarned], [pointsRedeemed], [pointsDiscount], [cfdiEmail], [cfdiUuid], [cardType], [mercadoPagoPaymentId], [mercadoPagoReference], [mercadoPagoStatus], [mercadoPagoQrData], [refundStatus], [refundId], [refundDate], [refundAmount], [createdAt], [updatedAt]) VALUES (67, 'V-474533239', 1, 3, NULL, 27, 21.08, 4.08, 0, 'QR_MERCADOPAGO', NULL, NULL, 'COMPLETADA', 0, 0, 0, NULL, NULL, NULL, '161761977825', NULL, 'approved', NULL, NULL, NULL, NULL, NULL, '2026-06-04 17:24:34.719', '2026-06-04 17:27:07.305');
INSERT INTO [dbo].[Sale] ([id], [invoiceNumber], [branchId], [userId], [customerId], [cashSessionId], [totalAmount], [taxAmount], [discountAmount], [paymentMethod], [cashReceived], [changeGiven], [status], [pointsEarned], [pointsRedeemed], [pointsDiscount], [cfdiEmail], [cfdiUuid], [cardType], [mercadoPagoPaymentId], [mercadoPagoReference], [mercadoPagoStatus], [mercadoPagoQrData], [refundStatus], [refundId], [refundDate], [refundAmount], [createdAt], [updatedAt]) VALUES (68, 'V-541132675', 1, 3, NULL, 27, 21.08, 4.08, 0, 'QR_MERCADOPAGO', NULL, NULL, 'COMPLETADA', 0, 0, 0, NULL, NULL, NULL, '162560066810', NULL, 'approved', NULL, NULL, NULL, NULL, NULL, '2026-06-04 17:25:41.311', '2026-06-04 17:26:25.067');
INSERT INTO [dbo].[Sale] ([id], [invoiceNumber], [branchId], [userId], [customerId], [cashSessionId], [totalAmount], [taxAmount], [discountAmount], [paymentMethod], [cashReceived], [changeGiven], [status], [pointsEarned], [pointsRedeemed], [pointsDiscount], [cfdiEmail], [cfdiUuid], [cardType], [mercadoPagoPaymentId], [mercadoPagoReference], [mercadoPagoStatus], [mercadoPagoQrData], [refundStatus], [refundId], [refundDate], [refundAmount], [createdAt], [updatedAt]) VALUES (69, 'V-158996752', 1, 3, NULL, 28, 21.08, 4.08, 0, 'EFECTIVO', 20, 0.28, 'COMPLETADA', 0, 0, 0, NULL, NULL, NULL, NULL, NULL, NULL, NULL, NULL, NULL, NULL, NULL, '2026-06-04 18:09:19.364', '2026-06-04 18:09:19.364');
INSERT INTO [dbo].[Sale] ([id], [invoiceNumber], [branchId], [userId], [customerId], [cashSessionId], [totalAmount], [taxAmount], [discountAmount], [paymentMethod], [cashReceived], [changeGiven], [status], [pointsEarned], [pointsRedeemed], [pointsDiscount], [cfdiEmail], [cfdiUuid], [cardType], [mercadoPagoPaymentId], [mercadoPagoReference], [mercadoPagoStatus], [mercadoPagoQrData], [refundStatus], [refundId], [refundDate], [refundAmount], [createdAt], [updatedAt]) VALUES (70, 'V-431431218', 1, 3, NULL, 29, 21.08, 4.08, 0, 'QR_MERCADOPAGO', NULL, NULL, 'PENDIENTE', 0, 0, 0, NULL, NULL, NULL, NULL, NULL, NULL, NULL, NULL, NULL, NULL, NULL, '2026-06-04 18:13:51.619', '2026-06-04 18:13:51.619');
INSERT INTO [dbo].[Sale] ([id], [invoiceNumber], [branchId], [userId], [customerId], [cashSessionId], [totalAmount], [taxAmount], [discountAmount], [paymentMethod], [cashReceived], [changeGiven], [status], [pointsEarned], [pointsRedeemed], [pointsDiscount], [cfdiEmail], [cfdiUuid], [cardType], [mercadoPagoPaymentId], [mercadoPagoReference], [mercadoPagoStatus], [mercadoPagoQrData], [refundStatus], [refundId], [refundDate], [refundAmount], [createdAt], [updatedAt]) VALUES (71, 'V-110015368', 1, 3, NULL, 30, 17.85, 3.45, 3.6, 'EFECTIVO', 20, 2.15, 'COMPLETADA', 0, 0, 0, 'gaelhernandezmonroy@gmail.com', '8622fd83-de18-4e22-9acf-45c0965066ef:6a22e6a4ae0ed63be59a0f44', NULL, NULL, NULL, NULL, NULL, NULL, NULL, NULL, NULL, '2026-06-05 09:08:30.026', '2026-06-05 09:09:25.274');
INSERT INTO [dbo].[Sale] ([id], [invoiceNumber], [branchId], [userId], [customerId], [cashSessionId], [totalAmount], [taxAmount], [discountAmount], [paymentMethod], [cashReceived], [changeGiven], [status], [pointsEarned], [pointsRedeemed], [pointsDiscount], [cfdiEmail], [cfdiUuid], [cardType], [mercadoPagoPaymentId], [mercadoPagoReference], [mercadoPagoStatus], [mercadoPagoQrData], [refundStatus], [refundId], [refundDate], [refundAmount], [createdAt], [updatedAt]) VALUES (1077, 'V-825792657', 1, 3, NULL, 1031, 12, 0, 0, 'EFECTIVO', 13, 1, 'COMPLETADA', 0, 0, 0, NULL, NULL, NULL, NULL, NULL, NULL, NULL, NULL, NULL, NULL, NULL, '2026-06-05 11:00:25.802', '2026-06-05 11:00:25.802');
INSERT INTO [dbo].[Sale] ([id], [invoiceNumber], [branchId], [userId], [customerId], [cashSessionId], [totalAmount], [taxAmount], [discountAmount], [paymentMethod], [cashReceived], [changeGiven], [status], [pointsEarned], [pointsRedeemed], [pointsDiscount], [cfdiEmail], [cfdiUuid], [cardType], [mercadoPagoPaymentId], [mercadoPagoReference], [mercadoPagoStatus], [mercadoPagoQrData], [refundStatus], [refundId], [refundDate], [refundAmount], [createdAt], [updatedAt]) VALUES (1078, 'V-936630505', 1, 3, 5, 1031, 16.7, 2.3, 3.6, 'EFECTIVO', 20, 3.3, 'COMPLETADA', 1, 0, 0, NULL, NULL, NULL, NULL, NULL, NULL, NULL, NULL, NULL, NULL, NULL, '2026-06-05 11:02:16.831', '2026-06-05 11:02:16.831');
INSERT INTO [dbo].[Sale] ([id], [invoiceNumber], [branchId], [userId], [customerId], [cashSessionId], [totalAmount], [taxAmount], [discountAmount], [paymentMethod], [cashReceived], [changeGiven], [status], [pointsEarned], [pointsRedeemed], [pointsDiscount], [cfdiEmail], [cfdiUuid], [cardType], [mercadoPagoPaymentId], [mercadoPagoReference], [mercadoPagoStatus], [mercadoPagoQrData], [refundStatus], [refundId], [refundDate], [refundAmount], [createdAt], [updatedAt]) VALUES (1085, 'V-755866509', 1, 3, NULL, 1032, 33.41, 4.61, 7.2, 'EFECTIVO', 40, 6.59, 'COMPLETADA', 0, 0, 0, NULL, NULL, NULL, NULL, NULL, NULL, NULL, NULL, NULL, NULL, NULL, '2026-06-05 11:32:36.039', '2026-06-05 11:32:36.039');
INSERT INTO [dbo].[Sale] ([id], [invoiceNumber], [branchId], [userId], [customerId], [cashSessionId], [totalAmount], [taxAmount], [discountAmount], [paymentMethod], [cashReceived], [changeGiven], [status], [pointsEarned], [pointsRedeemed], [pointsDiscount], [cfdiEmail], [cfdiUuid], [cardType], [mercadoPagoPaymentId], [mercadoPagoReference], [mercadoPagoStatus], [mercadoPagoQrData], [refundStatus], [refundId], [refundDate], [refundAmount], [createdAt], [updatedAt]) VALUES (1087, 'V-821248416', 1, 3, NULL, 1032, 21.08, 4.08, 0, 'TARJETA', NULL, NULL, 'COMPLETADA', 0, 0, 0, NULL, NULL, 'DEBITO', NULL, NULL, NULL, NULL, NULL, NULL, NULL, NULL, '2026-06-05 11:33:41.253', '2026-06-05 11:33:41.253');
INSERT INTO [dbo].[Sale] ([id], [invoiceNumber], [branchId], [userId], [customerId], [cashSessionId], [totalAmount], [taxAmount], [discountAmount], [paymentMethod], [cashReceived], [changeGiven], [status], [pointsEarned], [pointsRedeemed], [pointsDiscount], [cfdiEmail], [cfdiUuid], [cardType], [mercadoPagoPaymentId], [mercadoPagoReference], [mercadoPagoStatus], [mercadoPagoQrData], [refundStatus], [refundId], [refundDate], [refundAmount], [createdAt], [updatedAt]) VALUES (1088, 'V-899085695', 1, 3, NULL, 1032, 21.08, 4.08, 0, 'TARJETA', NULL, NULL, 'COMPLETADA', 0, 0, 0, NULL, NULL, 'DEBITO', NULL, NULL, NULL, NULL, NULL, NULL, NULL, NULL, '2026-06-05 11:34:59.087', '2026-06-05 11:34:59.087');
INSERT INTO [dbo].[Sale] ([id], [invoiceNumber], [branchId], [userId], [customerId], [cashSessionId], [totalAmount], [taxAmount], [discountAmount], [paymentMethod], [cashReceived], [changeGiven], [status], [pointsEarned], [pointsRedeemed], [pointsDiscount], [cfdiEmail], [cfdiUuid], [cardType], [mercadoPagoPaymentId], [mercadoPagoReference], [mercadoPagoStatus], [mercadoPagoQrData], [refundStatus], [refundId], [refundDate], [refundAmount], [createdAt], [updatedAt]) VALUES (1089, 'V-335699493', 1, 11, NULL, 1033, 16.7, 2.3, 3.6, 'TARJETA', NULL, NULL, 'COMPLETADA', 0, 0, 0, NULL, NULL, 'DEBITO', NULL, NULL, NULL, NULL, NULL, NULL, NULL, NULL, '2026-06-05 11:42:15.907', '2026-06-05 11:42:15.907');
INSERT INTO [dbo].[Sale] ([id], [invoiceNumber], [branchId], [userId], [customerId], [cashSessionId], [totalAmount], [taxAmount], [discountAmount], [paymentMethod], [cashReceived], [changeGiven], [status], [pointsEarned], [pointsRedeemed], [pointsDiscount], [cfdiEmail], [cfdiUuid], [cardType], [mercadoPagoPaymentId], [mercadoPagoReference], [mercadoPagoStatus], [mercadoPagoQrData], [refundStatus], [refundId], [refundDate], [refundAmount], [createdAt], [updatedAt]) VALUES (1090, 'V-197403427', 1, 11, NULL, 1034, 16.7, 2.3, 3.6, 'TARJETA', NULL, NULL, 'COMPLETADA', 0, 0, 0, NULL, NULL, 'DEBITO', NULL, NULL, NULL, NULL, NULL, NULL, NULL, NULL, '2026-06-05 11:56:37.623', '2026-06-05 11:56:37.623');
INSERT INTO [dbo].[Sale] ([id], [invoiceNumber], [branchId], [userId], [customerId], [cashSessionId], [totalAmount], [taxAmount], [discountAmount], [paymentMethod], [cashReceived], [changeGiven], [status], [pointsEarned], [pointsRedeemed], [pointsDiscount], [cfdiEmail], [cfdiUuid], [cardType], [mercadoPagoPaymentId], [mercadoPagoReference], [mercadoPagoStatus], [mercadoPagoQrData], [refundStatus], [refundId], [refundDate], [refundAmount], [createdAt], [updatedAt]) VALUES (1092, 'V-420753529', 1, 11, NULL, 1035, 16.7, 2.3, 3.6, 'TARJETA', NULL, NULL, 'COMPLETADA', 0, 0, 0, NULL, NULL, 'DEBITO', NULL, NULL, NULL, NULL, NULL, NULL, NULL, NULL, '2026-06-05 12:00:20.961', '2026-06-05 12:00:20.961');
INSERT INTO [dbo].[Sale] ([id], [invoiceNumber], [branchId], [userId], [customerId], [cashSessionId], [totalAmount], [taxAmount], [discountAmount], [paymentMethod], [cashReceived], [changeGiven], [status], [pointsEarned], [pointsRedeemed], [pointsDiscount], [cfdiEmail], [cfdiUuid], [cardType], [mercadoPagoPaymentId], [mercadoPagoReference], [mercadoPagoStatus], [mercadoPagoQrData], [refundStatus], [refundId], [refundDate], [refundAmount], [createdAt], [updatedAt]) VALUES (1093, 'V-428024533', 1, 11, NULL, 1035, 37.78, 6.38, 3.6, 'EFECTIVO', 500, 0, 'COMPLETADA', 0, 0, 0, NULL, NULL, NULL, NULL, NULL, NULL, NULL, NULL, NULL, NULL, NULL, '2026-06-05 12:00:28.439', '2026-06-05 12:00:28.439');
INSERT INTO [dbo].[Sale] ([id], [invoiceNumber], [branchId], [userId], [customerId], [cashSessionId], [totalAmount], [taxAmount], [discountAmount], [paymentMethod], [cashReceived], [changeGiven], [status], [pointsEarned], [pointsRedeemed], [pointsDiscount], [cfdiEmail], [cfdiUuid], [cardType], [mercadoPagoPaymentId], [mercadoPagoReference], [mercadoPagoStatus], [mercadoPagoQrData], [refundStatus], [refundId], [refundDate], [refundAmount], [createdAt], [updatedAt]) VALUES (1094, 'V-025747106', 1, 3, NULL, 1037, 33.41, 4.61, 7.2, 'TARJETA', NULL, NULL, 'COMPLETADA', 0, 0, 0, NULL, NULL, 'DEBITO', NULL, NULL, NULL, NULL, NULL, NULL, NULL, NULL, '2026-06-05 12:10:25.957', '2026-06-05 12:10:25.957');
INSERT INTO [dbo].[Sale] ([id], [invoiceNumber], [branchId], [userId], [customerId], [cashSessionId], [totalAmount], [taxAmount], [discountAmount], [paymentMethod], [cashReceived], [changeGiven], [status], [pointsEarned], [pointsRedeemed], [pointsDiscount], [cfdiEmail], [cfdiUuid], [cardType], [mercadoPagoPaymentId], [mercadoPagoReference], [mercadoPagoStatus], [mercadoPagoQrData], [refundStatus], [refundId], [refundDate], [refundAmount], [createdAt], [updatedAt]) VALUES (1095, 'V-097224876', 1, 3, NULL, 1037, 2.32, 0.32, 10, 'EFECTIVO', 3, 0.68, 'COMPLETADA', 0, 0, 0, NULL, NULL, NULL, NULL, NULL, NULL, NULL, NULL, NULL, NULL, NULL, '2026-06-05 12:11:37.429', '2026-06-05 12:11:37.429');
INSERT INTO [dbo].[Sale] ([id], [invoiceNumber], [branchId], [userId], [customerId], [cashSessionId], [totalAmount], [taxAmount], [discountAmount], [paymentMethod], [cashReceived], [changeGiven], [status], [pointsEarned], [pointsRedeemed], [pointsDiscount], [cfdiEmail], [cfdiUuid], [cardType], [mercadoPagoPaymentId], [mercadoPagoReference], [mercadoPagoStatus], [mercadoPagoQrData], [refundStatus], [refundId], [refundDate], [refundAmount], [createdAt], [updatedAt]) VALUES (1096, 'V-510837812', 1, 3, NULL, 1038, 29, 4, 2, 'EFECTIVO', 30, 1, 'COMPLETADA', 0, 0, 0, NULL, NULL, NULL, NULL, NULL, NULL, NULL, NULL, NULL, NULL, NULL, '2026-06-05 12:18:31.035', '2026-06-05 12:18:31.035');
INSERT INTO [dbo].[Sale] ([id], [invoiceNumber], [branchId], [userId], [customerId], [cashSessionId], [totalAmount], [taxAmount], [discountAmount], [paymentMethod], [cashReceived], [changeGiven], [status], [pointsEarned], [pointsRedeemed], [pointsDiscount], [cfdiEmail], [cfdiUuid], [cardType], [mercadoPagoPaymentId], [mercadoPagoReference], [mercadoPagoStatus], [mercadoPagoQrData], [refundStatus], [refundId], [refundDate], [refundAmount], [createdAt], [updatedAt]) VALUES (1097, 'V-526088335', 1, 3, NULL, 1038, 29, 4, 2, 'EFECTIVO', 30, 1, 'COMPLETADA', 0, 0, 0, NULL, NULL, NULL, NULL, NULL, NULL, NULL, NULL, NULL, NULL, NULL, '2026-06-05 12:18:46.292', '2026-06-05 12:18:46.292');

SET IDENTITY_INSERT [dbo].[Sale] OFF;
GO

-- =========================================================
-- DATOS DE LA TABLA: SaleDetail (82 registros)
-- =========================================================
SET IDENTITY_INSERT [dbo].[SaleDetail] ON;

INSERT INTO [dbo].[SaleDetail] ([id], [saleId], [productId], [quantity], [unitPrice], [costPrice], [taxAmount], [discountAmount], [promotionId], [promotionLabel], [serialNumber], [batchNumber]) VALUES (1, 1, 1, 1, 18, 12.5, 2.88, 0, NULL, NULL, NULL, NULL);
INSERT INTO [dbo].[SaleDetail] ([id], [saleId], [productId], [quantity], [unitPrice], [costPrice], [taxAmount], [discountAmount], [promotionId], [promotionLabel], [serialNumber], [batchNumber]) VALUES (2, 1, 2, 1, 17, 11, 2.72, 0, NULL, NULL, NULL, NULL);
INSERT INTO [dbo].[SaleDetail] ([id], [saleId], [productId], [quantity], [unitPrice], [costPrice], [taxAmount], [discountAmount], [promotionId], [promotionLabel], [serialNumber], [batchNumber]) VALUES (3, 2, 1, 2, 18, 12.5, 5.76, 0, NULL, NULL, NULL, NULL);
INSERT INTO [dbo].[SaleDetail] ([id], [saleId], [productId], [quantity], [unitPrice], [costPrice], [taxAmount], [discountAmount], [promotionId], [promotionLabel], [serialNumber], [batchNumber]) VALUES (4, 3, 1, 2, 18, 12.5, 5.76, 0, NULL, NULL, NULL, NULL);
INSERT INTO [dbo].[SaleDetail] ([id], [saleId], [productId], [quantity], [unitPrice], [costPrice], [taxAmount], [discountAmount], [promotionId], [promotionLabel], [serialNumber], [batchNumber]) VALUES (5, 4, 3, 1, 45, 32, 7.2, 0, NULL, NULL, NULL, NULL);
INSERT INTO [dbo].[SaleDetail] ([id], [saleId], [productId], [quantity], [unitPrice], [costPrice], [taxAmount], [discountAmount], [promotionId], [promotionLabel], [serialNumber], [batchNumber]) VALUES (6, 5, 1, 2, 18, 12.5, 5.76, 0, NULL, NULL, NULL, NULL);
INSERT INTO [dbo].[SaleDetail] ([id], [saleId], [productId], [quantity], [unitPrice], [costPrice], [taxAmount], [discountAmount], [promotionId], [promotionLabel], [serialNumber], [batchNumber]) VALUES (7, 6, 3, 1, 45, 32, 7.2, 0, NULL, NULL, NULL, NULL);
INSERT INTO [dbo].[SaleDetail] ([id], [saleId], [productId], [quantity], [unitPrice], [costPrice], [taxAmount], [discountAmount], [promotionId], [promotionLabel], [serialNumber], [batchNumber]) VALUES (8, 7, 2, 6, 17, 11, 16.32, 0, NULL, NULL, NULL, NULL);
INSERT INTO [dbo].[SaleDetail] ([id], [saleId], [productId], [quantity], [unitPrice], [costPrice], [taxAmount], [discountAmount], [promotionId], [promotionLabel], [serialNumber], [batchNumber]) VALUES (9, 7, 3, 1, 45, 32, 7.2, 0, NULL, NULL, NULL, NULL);
INSERT INTO [dbo].[SaleDetail] ([id], [saleId], [productId], [quantity], [unitPrice], [costPrice], [taxAmount], [discountAmount], [promotionId], [promotionLabel], [serialNumber], [batchNumber]) VALUES (10, 8, 3, 1, 45, 32, 7.2, 0, NULL, NULL, NULL, NULL);
INSERT INTO [dbo].[SaleDetail] ([id], [saleId], [productId], [quantity], [unitPrice], [costPrice], [taxAmount], [discountAmount], [promotionId], [promotionLabel], [serialNumber], [batchNumber]) VALUES (11, 9, 3, 4, 45, 32, 28.8, 0, NULL, NULL, NULL, NULL);
INSERT INTO [dbo].[SaleDetail] ([id], [saleId], [productId], [quantity], [unitPrice], [costPrice], [taxAmount], [discountAmount], [promotionId], [promotionLabel], [serialNumber], [batchNumber]) VALUES (12, 10, 3, 3, 45, 32, 21.6, 0, NULL, NULL, NULL, NULL);
INSERT INTO [dbo].[SaleDetail] ([id], [saleId], [productId], [quantity], [unitPrice], [costPrice], [taxAmount], [discountAmount], [promotionId], [promotionLabel], [serialNumber], [batchNumber]) VALUES (13, 10, 1, 2, 18, 12.5, 5.76, 0, NULL, NULL, NULL, NULL);
INSERT INTO [dbo].[SaleDetail] ([id], [saleId], [productId], [quantity], [unitPrice], [costPrice], [taxAmount], [discountAmount], [promotionId], [promotionLabel], [serialNumber], [batchNumber]) VALUES (14, 11, 3, 1, 45, 32, 7.2, 0, NULL, NULL, NULL, NULL);
INSERT INTO [dbo].[SaleDetail] ([id], [saleId], [productId], [quantity], [unitPrice], [costPrice], [taxAmount], [discountAmount], [promotionId], [promotionLabel], [serialNumber], [batchNumber]) VALUES (15, 12, 2, 1, 17, 11, 2.72, 0, NULL, NULL, NULL, NULL);
INSERT INTO [dbo].[SaleDetail] ([id], [saleId], [productId], [quantity], [unitPrice], [costPrice], [taxAmount], [discountAmount], [promotionId], [promotionLabel], [serialNumber], [batchNumber]) VALUES (16, 13, 3, 1, 45, 32, 7.2, 0, NULL, NULL, NULL, NULL);
INSERT INTO [dbo].[SaleDetail] ([id], [saleId], [productId], [quantity], [unitPrice], [costPrice], [taxAmount], [discountAmount], [promotionId], [promotionLabel], [serialNumber], [batchNumber]) VALUES (17, 14, 2, 3, 17, 11, 5.44, 17, 2, 'Sabritas 3x2', NULL, NULL);
INSERT INTO [dbo].[SaleDetail] ([id], [saleId], [productId], [quantity], [unitPrice], [costPrice], [taxAmount], [discountAmount], [promotionId], [promotionLabel], [serialNumber], [batchNumber]) VALUES (18, 15, 2, 3, 17, 11, 5.44, 17, 2, 'Sabritas 3x2', NULL, NULL);
INSERT INTO [dbo].[SaleDetail] ([id], [saleId], [productId], [quantity], [unitPrice], [costPrice], [taxAmount], [discountAmount], [promotionId], [promotionLabel], [serialNumber], [batchNumber]) VALUES (19, 16, 3, 1, 45, 32, 7.2, 0, NULL, NULL, NULL, NULL);
INSERT INTO [dbo].[SaleDetail] ([id], [saleId], [productId], [quantity], [unitPrice], [costPrice], [taxAmount], [discountAmount], [promotionId], [promotionLabel], [serialNumber], [batchNumber]) VALUES (20, 17, 1, 1, 18, 12.5, 2.3, 3.6, 1, 'Coca Cola 20% OFF', NULL, NULL);
INSERT INTO [dbo].[SaleDetail] ([id], [saleId], [productId], [quantity], [unitPrice], [costPrice], [taxAmount], [discountAmount], [promotionId], [promotionLabel], [serialNumber], [batchNumber]) VALUES (21, 18, 3, 1, 45, 32, 7.2, 0, NULL, NULL, NULL, NULL);
INSERT INTO [dbo].[SaleDetail] ([id], [saleId], [productId], [quantity], [unitPrice], [costPrice], [taxAmount], [discountAmount], [promotionId], [promotionLabel], [serialNumber], [batchNumber]) VALUES (22, 19, 1, 1, 18, 12.5, 2.3, 3.6, 1, 'Coca Cola 20% OFF', NULL, NULL);
INSERT INTO [dbo].[SaleDetail] ([id], [saleId], [productId], [quantity], [unitPrice], [costPrice], [taxAmount], [discountAmount], [promotionId], [promotionLabel], [serialNumber], [batchNumber]) VALUES (23, 20, 1, 1, 18, 12.5, 2.88, 0, NULL, NULL, NULL, NULL);
INSERT INTO [dbo].[SaleDetail] ([id], [saleId], [productId], [quantity], [unitPrice], [costPrice], [taxAmount], [discountAmount], [promotionId], [promotionLabel], [serialNumber], [batchNumber]) VALUES (24, 21, 1, 1, 18, 12.5, 2.88, 0, NULL, NULL, NULL, NULL);
INSERT INTO [dbo].[SaleDetail] ([id], [saleId], [productId], [quantity], [unitPrice], [costPrice], [taxAmount], [discountAmount], [promotionId], [promotionLabel], [serialNumber], [batchNumber]) VALUES (25, 22, 2, 2, 17, 11, 5.44, 0, NULL, NULL, NULL, NULL);
INSERT INTO [dbo].[SaleDetail] ([id], [saleId], [productId], [quantity], [unitPrice], [costPrice], [taxAmount], [discountAmount], [promotionId], [promotionLabel], [serialNumber], [batchNumber]) VALUES (26, 23, 1, 1, 18, 12.5, 2.3, 3.6, 1, 'Coca Cola 20% OFF', NULL, NULL);
INSERT INTO [dbo].[SaleDetail] ([id], [saleId], [productId], [quantity], [unitPrice], [costPrice], [taxAmount], [discountAmount], [promotionId], [promotionLabel], [serialNumber], [batchNumber]) VALUES (27, 24, 1, 2, 18, 12.5, 4.61, 7.2, 1, 'Coca Cola 20% OFF', NULL, NULL);
INSERT INTO [dbo].[SaleDetail] ([id], [saleId], [productId], [quantity], [unitPrice], [costPrice], [taxAmount], [discountAmount], [promotionId], [promotionLabel], [serialNumber], [batchNumber]) VALUES (28, 24, 3, 1, 45, 32, 7.2, 0, NULL, NULL, NULL, NULL);
INSERT INTO [dbo].[SaleDetail] ([id], [saleId], [productId], [quantity], [unitPrice], [costPrice], [taxAmount], [discountAmount], [promotionId], [promotionLabel], [serialNumber], [batchNumber]) VALUES (29, 25, 3, 1, 45, 32, 7.2, 0, NULL, NULL, NULL, NULL);
INSERT INTO [dbo].[SaleDetail] ([id], [saleId], [productId], [quantity], [unitPrice], [costPrice], [taxAmount], [discountAmount], [promotionId], [promotionLabel], [serialNumber], [batchNumber]) VALUES (30, 26, 2, 3, 17, 11, 5.44, 17, 2, 'Sabritas 3x2', NULL, NULL);
INSERT INTO [dbo].[SaleDetail] ([id], [saleId], [productId], [quantity], [unitPrice], [costPrice], [taxAmount], [discountAmount], [promotionId], [promotionLabel], [serialNumber], [batchNumber]) VALUES (31, 26, 5, 1, 26, 18.5, 4.16, 0, NULL, NULL, NULL, NULL);
INSERT INTO [dbo].[SaleDetail] ([id], [saleId], [productId], [quantity], [unitPrice], [costPrice], [taxAmount], [discountAmount], [promotionId], [promotionLabel], [serialNumber], [batchNumber]) VALUES (32, 26, 6, 1, 12, 7, 1.92, 0, NULL, NULL, NULL, NULL);
INSERT INTO [dbo].[SaleDetail] ([id], [saleId], [productId], [quantity], [unitPrice], [costPrice], [taxAmount], [discountAmount], [promotionId], [promotionLabel], [serialNumber], [batchNumber]) VALUES (33, 27, 6, 9, 12, 7, 17.28, 0, NULL, NULL, NULL, NULL);
INSERT INTO [dbo].[SaleDetail] ([id], [saleId], [productId], [quantity], [unitPrice], [costPrice], [taxAmount], [discountAmount], [promotionId], [promotionLabel], [serialNumber], [batchNumber]) VALUES (34, 28, 2, 1, 17, 11, 2.72, 0, NULL, NULL, NULL, NULL);
INSERT INTO [dbo].[SaleDetail] ([id], [saleId], [productId], [quantity], [unitPrice], [costPrice], [taxAmount], [discountAmount], [promotionId], [promotionLabel], [serialNumber], [batchNumber]) VALUES (35, 28, 1, 1, 18, 12.5, 2.3, 3.6, 1, 'Coca Cola 20% OFF', NULL, NULL);
INSERT INTO [dbo].[SaleDetail] ([id], [saleId], [productId], [quantity], [unitPrice], [costPrice], [taxAmount], [discountAmount], [promotionId], [promotionLabel], [serialNumber], [batchNumber]) VALUES (36, 29, 1, 1, 18, 12.5, 2.3, 3.6, 1, 'Coca Cola 20% OFF', NULL, NULL);
INSERT INTO [dbo].[SaleDetail] ([id], [saleId], [productId], [quantity], [unitPrice], [costPrice], [taxAmount], [discountAmount], [promotionId], [promotionLabel], [serialNumber], [batchNumber]) VALUES (37, 29, 2, 3, 17, 11, 5.44, 17, 2, 'Sabritas 3x2', NULL, NULL);
INSERT INTO [dbo].[SaleDetail] ([id], [saleId], [productId], [quantity], [unitPrice], [costPrice], [taxAmount], [discountAmount], [promotionId], [promotionLabel], [serialNumber], [batchNumber]) VALUES (38, 30, 3, 10, 45, 32, 60.8, 70, 3, 'Bimbo Precio Especial', NULL, NULL);
INSERT INTO [dbo].[SaleDetail] ([id], [saleId], [productId], [quantity], [unitPrice], [costPrice], [taxAmount], [discountAmount], [promotionId], [promotionLabel], [serialNumber], [batchNumber]) VALUES (39, 30, 6, 8, 12, 7, 15.36, 0, NULL, NULL, NULL, NULL);
INSERT INTO [dbo].[SaleDetail] ([id], [saleId], [productId], [quantity], [unitPrice], [costPrice], [taxAmount], [discountAmount], [promotionId], [promotionLabel], [serialNumber], [batchNumber]) VALUES (40, 31, 4, 1, 21, 14, 3.36, 0, NULL, NULL, NULL, NULL);
INSERT INTO [dbo].[SaleDetail] ([id], [saleId], [productId], [quantity], [unitPrice], [costPrice], [taxAmount], [discountAmount], [promotionId], [promotionLabel], [serialNumber], [batchNumber]) VALUES (41, 31, 2, 3, 17, 11, 5.44, 17, 2, 'Sabritas 3x2', NULL, NULL);
INSERT INTO [dbo].[SaleDetail] ([id], [saleId], [productId], [quantity], [unitPrice], [costPrice], [taxAmount], [discountAmount], [promotionId], [promotionLabel], [serialNumber], [batchNumber]) VALUES (42, 32, 2, 3, 17, 11, 5.44, 17, 2, 'Sabritas 3x2', NULL, NULL);
INSERT INTO [dbo].[SaleDetail] ([id], [saleId], [productId], [quantity], [unitPrice], [costPrice], [taxAmount], [discountAmount], [promotionId], [promotionLabel], [serialNumber], [batchNumber]) VALUES (43, 32, 4, 1, 21, 14, 3.36, 0, NULL, NULL, NULL, NULL);
INSERT INTO [dbo].[SaleDetail] ([id], [saleId], [productId], [quantity], [unitPrice], [costPrice], [taxAmount], [discountAmount], [promotionId], [promotionLabel], [serialNumber], [batchNumber]) VALUES (52, 37, 1, 2, 18, 12.5, 6.91, 7.2, 1, 'Coca Cola 20% OFF', NULL, NULL);
INSERT INTO [dbo].[SaleDetail] ([id], [saleId], [productId], [quantity], [unitPrice], [costPrice], [taxAmount], [discountAmount], [promotionId], [promotionLabel], [serialNumber], [batchNumber]) VALUES (69, 50, 2, 1, 17, 11, 4.08, 0, NULL, NULL, NULL, NULL);
INSERT INTO [dbo].[SaleDetail] ([id], [saleId], [productId], [quantity], [unitPrice], [costPrice], [taxAmount], [discountAmount], [promotionId], [promotionLabel], [serialNumber], [batchNumber]) VALUES (70, 51, 3, 1, 45, 32, 0, 0, NULL, NULL, NULL, NULL);
INSERT INTO [dbo].[SaleDetail] ([id], [saleId], [productId], [quantity], [unitPrice], [costPrice], [taxAmount], [discountAmount], [promotionId], [promotionLabel], [serialNumber], [batchNumber]) VALUES (71, 52, 3, 1, 45, 32, 0, 0, NULL, NULL, NULL, NULL);
INSERT INTO [dbo].[SaleDetail] ([id], [saleId], [productId], [quantity], [unitPrice], [costPrice], [taxAmount], [discountAmount], [promotionId], [promotionLabel], [serialNumber], [batchNumber]) VALUES (72, 53, 3, 1, 45, 32, 0, 0, NULL, NULL, NULL, NULL);
INSERT INTO [dbo].[SaleDetail] ([id], [saleId], [productId], [quantity], [unitPrice], [costPrice], [taxAmount], [discountAmount], [promotionId], [promotionLabel], [serialNumber], [batchNumber]) VALUES (73, 54, 3, 1, 45, 32, 0, 0, NULL, NULL, NULL, NULL);
INSERT INTO [dbo].[SaleDetail] ([id], [saleId], [productId], [quantity], [unitPrice], [costPrice], [taxAmount], [discountAmount], [promotionId], [promotionLabel], [serialNumber], [batchNumber]) VALUES (74, 55, 8, 3, 12, 8, 0, 0, NULL, NULL, NULL, NULL);
INSERT INTO [dbo].[SaleDetail] ([id], [saleId], [productId], [quantity], [unitPrice], [costPrice], [taxAmount], [discountAmount], [promotionId], [promotionLabel], [serialNumber], [batchNumber]) VALUES (75, 56, 6, 1, 12, 7, 0, 0, NULL, NULL, NULL, NULL);
INSERT INTO [dbo].[SaleDetail] ([id], [saleId], [productId], [quantity], [unitPrice], [costPrice], [taxAmount], [discountAmount], [promotionId], [promotionLabel], [serialNumber], [batchNumber]) VALUES (76, 57, 8, 1, 12, 8, 0, 0, NULL, NULL, NULL, NULL);
INSERT INTO [dbo].[SaleDetail] ([id], [saleId], [productId], [quantity], [unitPrice], [costPrice], [taxAmount], [discountAmount], [promotionId], [promotionLabel], [serialNumber], [batchNumber]) VALUES (77, 58, 8, 1, 12, 8, 0, 0, NULL, NULL, NULL, NULL);
INSERT INTO [dbo].[SaleDetail] ([id], [saleId], [productId], [quantity], [unitPrice], [costPrice], [taxAmount], [discountAmount], [promotionId], [promotionLabel], [serialNumber], [batchNumber]) VALUES (78, 59, 8, 1, 12, 8, 0, 0, NULL, NULL, NULL, NULL);
INSERT INTO [dbo].[SaleDetail] ([id], [saleId], [productId], [quantity], [unitPrice], [costPrice], [taxAmount], [discountAmount], [promotionId], [promotionLabel], [serialNumber], [batchNumber]) VALUES (79, 60, 3, 1, 45, 32, 0, 0, NULL, NULL, NULL, NULL);
INSERT INTO [dbo].[SaleDetail] ([id], [saleId], [productId], [quantity], [unitPrice], [costPrice], [taxAmount], [discountAmount], [promotionId], [promotionLabel], [serialNumber], [batchNumber]) VALUES (80, 61, 1, 2, 18, 12.5, 6.91, 7.2, 1, 'Coca Cola 20% OFF', NULL, NULL);
INSERT INTO [dbo].[SaleDetail] ([id], [saleId], [productId], [quantity], [unitPrice], [costPrice], [taxAmount], [discountAmount], [promotionId], [promotionLabel], [serialNumber], [batchNumber]) VALUES (81, 62, 2, 1, 17, 11, 4.08, 0, NULL, NULL, NULL, NULL);
INSERT INTO [dbo].[SaleDetail] ([id], [saleId], [productId], [quantity], [unitPrice], [costPrice], [taxAmount], [discountAmount], [promotionId], [promotionLabel], [serialNumber], [batchNumber]) VALUES (82, 63, 2, 1, 17, 11, 4.08, 0, NULL, NULL, NULL, NULL);
INSERT INTO [dbo].[SaleDetail] ([id], [saleId], [productId], [quantity], [unitPrice], [costPrice], [taxAmount], [discountAmount], [promotionId], [promotionLabel], [serialNumber], [batchNumber]) VALUES (83, 64, 1, 2, 18, 12.5, 6.91, 7.2, 1, 'Coca Cola 20% OFF', NULL, NULL);
INSERT INTO [dbo].[SaleDetail] ([id], [saleId], [productId], [quantity], [unitPrice], [costPrice], [taxAmount], [discountAmount], [promotionId], [promotionLabel], [serialNumber], [batchNumber]) VALUES (84, 65, 2, 2, 17, 11, 8.16, 0, NULL, NULL, NULL, NULL);
INSERT INTO [dbo].[SaleDetail] ([id], [saleId], [productId], [quantity], [unitPrice], [costPrice], [taxAmount], [discountAmount], [promotionId], [promotionLabel], [serialNumber], [batchNumber]) VALUES (85, 66, 2, 3, 17, 11, 8.16, 17, 2, 'Sabritas 3x2', NULL, NULL);
INSERT INTO [dbo].[SaleDetail] ([id], [saleId], [productId], [quantity], [unitPrice], [costPrice], [taxAmount], [discountAmount], [promotionId], [promotionLabel], [serialNumber], [batchNumber]) VALUES (86, 67, 2, 1, 17, 11, 4.08, 0, NULL, NULL, NULL, NULL);
INSERT INTO [dbo].[SaleDetail] ([id], [saleId], [productId], [quantity], [unitPrice], [costPrice], [taxAmount], [discountAmount], [promotionId], [promotionLabel], [serialNumber], [batchNumber]) VALUES (87, 68, 2, 1, 17, 11, 4.08, 0, NULL, NULL, NULL, NULL);
INSERT INTO [dbo].[SaleDetail] ([id], [saleId], [productId], [quantity], [unitPrice], [costPrice], [taxAmount], [discountAmount], [promotionId], [promotionLabel], [serialNumber], [batchNumber]) VALUES (88, 69, 2, 1, 17, 11, 4.08, 0, NULL, NULL, NULL, NULL);
INSERT INTO [dbo].[SaleDetail] ([id], [saleId], [productId], [quantity], [unitPrice], [costPrice], [taxAmount], [discountAmount], [promotionId], [promotionLabel], [serialNumber], [batchNumber]) VALUES (89, 70, 2, 1, 17, 11, 4.08, 0, NULL, NULL, NULL, NULL);
INSERT INTO [dbo].[SaleDetail] ([id], [saleId], [productId], [quantity], [unitPrice], [costPrice], [taxAmount], [discountAmount], [promotionId], [promotionLabel], [serialNumber], [batchNumber]) VALUES (90, 71, 1, 1, 18, 12.5, 3.45, 3.6, 1, 'Coca Cola 20% OFF', NULL, NULL);
INSERT INTO [dbo].[SaleDetail] ([id], [saleId], [productId], [quantity], [unitPrice], [costPrice], [taxAmount], [discountAmount], [promotionId], [promotionLabel], [serialNumber], [batchNumber]) VALUES (1105, 1077, 6, 1, 12, 7, 0, 0, NULL, NULL, NULL, NULL);
INSERT INTO [dbo].[SaleDetail] ([id], [saleId], [productId], [quantity], [unitPrice], [costPrice], [taxAmount], [discountAmount], [promotionId], [promotionLabel], [serialNumber], [batchNumber]) VALUES (1106, 1078, 1, 1, 18, 12.5, 2.3, 3.6, 1, 'Coca Cola 20% OFF', NULL, NULL);
INSERT INTO [dbo].[SaleDetail] ([id], [saleId], [productId], [quantity], [unitPrice], [costPrice], [taxAmount], [discountAmount], [promotionId], [promotionLabel], [serialNumber], [batchNumber]) VALUES (1119, 1085, 1, 2, 18, 12.5, 4.61, 7.2, 1, 'Coca Cola 20% OFF', NULL, NULL);
INSERT INTO [dbo].[SaleDetail] ([id], [saleId], [productId], [quantity], [unitPrice], [costPrice], [taxAmount], [discountAmount], [promotionId], [promotionLabel], [serialNumber], [batchNumber]) VALUES (1122, 1087, 2, 1, 17, 11, 4.08, 0, NULL, NULL, NULL, NULL);
INSERT INTO [dbo].[SaleDetail] ([id], [saleId], [productId], [quantity], [unitPrice], [costPrice], [taxAmount], [discountAmount], [promotionId], [promotionLabel], [serialNumber], [batchNumber]) VALUES (1123, 1088, 2, 1, 17, 11, 4.08, 0, NULL, NULL, NULL, NULL);
INSERT INTO [dbo].[SaleDetail] ([id], [saleId], [productId], [quantity], [unitPrice], [costPrice], [taxAmount], [discountAmount], [promotionId], [promotionLabel], [serialNumber], [batchNumber]) VALUES (1124, 1089, 1, 1, 18, 12.5, 2.3, 3.6, 1, 'Coca Cola 20% OFF', NULL, NULL);
INSERT INTO [dbo].[SaleDetail] ([id], [saleId], [productId], [quantity], [unitPrice], [costPrice], [taxAmount], [discountAmount], [promotionId], [promotionLabel], [serialNumber], [batchNumber]) VALUES (1125, 1090, 1, 1, 18, 12.5, 2.3, 3.6, 1, 'Coca Cola 20% OFF', NULL, NULL);
INSERT INTO [dbo].[SaleDetail] ([id], [saleId], [productId], [quantity], [unitPrice], [costPrice], [taxAmount], [discountAmount], [promotionId], [promotionLabel], [serialNumber], [batchNumber]) VALUES (1128, 1092, 1, 1, 18, 12.5, 2.3, 3.6, 1, 'Coca Cola 20% OFF', NULL, NULL);
INSERT INTO [dbo].[SaleDetail] ([id], [saleId], [productId], [quantity], [unitPrice], [costPrice], [taxAmount], [discountAmount], [promotionId], [promotionLabel], [serialNumber], [batchNumber]) VALUES (1129, 1093, 1, 1, 18, 12.5, 2.3, 3.6, 1, 'Coca Cola 20% OFF', NULL, NULL);
INSERT INTO [dbo].[SaleDetail] ([id], [saleId], [productId], [quantity], [unitPrice], [costPrice], [taxAmount], [discountAmount], [promotionId], [promotionLabel], [serialNumber], [batchNumber]) VALUES (1130, 1093, 2, 1, 17, 11, 4.08, 0, NULL, NULL, NULL, NULL);
INSERT INTO [dbo].[SaleDetail] ([id], [saleId], [productId], [quantity], [unitPrice], [costPrice], [taxAmount], [discountAmount], [promotionId], [promotionLabel], [serialNumber], [batchNumber]) VALUES (1131, 1094, 1, 2, 18, 12.5, 4.61, 7.2, 1, 'Coca Cola 20% OFF', NULL, NULL);
INSERT INTO [dbo].[SaleDetail] ([id], [saleId], [productId], [quantity], [unitPrice], [costPrice], [taxAmount], [discountAmount], [promotionId], [promotionLabel], [serialNumber], [batchNumber]) VALUES (1132, 1095, 8, 1, 12, 8, 0.32, 10, 4, 'Bebidas a 10', NULL, NULL);
INSERT INTO [dbo].[SaleDetail] ([id], [saleId], [productId], [quantity], [unitPrice], [costPrice], [taxAmount], [discountAmount], [promotionId], [promotionLabel], [serialNumber], [batchNumber]) VALUES (1133, 1096, 8, 1, 12, 8, 1.6, 2, 4, 'Bebidas a 10', NULL, NULL);
INSERT INTO [dbo].[SaleDetail] ([id], [saleId], [productId], [quantity], [unitPrice], [costPrice], [taxAmount], [discountAmount], [promotionId], [promotionLabel], [serialNumber], [batchNumber]) VALUES (1134, 1096, 7, 1, 15, 10, 2.4, 0, NULL, NULL, NULL, NULL);
INSERT INTO [dbo].[SaleDetail] ([id], [saleId], [productId], [quantity], [unitPrice], [costPrice], [taxAmount], [discountAmount], [promotionId], [promotionLabel], [serialNumber], [batchNumber]) VALUES (1135, 1097, 8, 1, 12, 8, 1.6, 2, 4, 'Bebidas a 10', NULL, NULL);
INSERT INTO [dbo].[SaleDetail] ([id], [saleId], [productId], [quantity], [unitPrice], [costPrice], [taxAmount], [discountAmount], [promotionId], [promotionLabel], [serialNumber], [batchNumber]) VALUES (1136, 1097, 7, 1, 15, 10, 2.4, 0, NULL, NULL, NULL, NULL);

SET IDENTITY_INSERT [dbo].[SaleDetail] OFF;
GO

-- =========================================================
-- DATOS DE LA TABLA: SaleDetailTax (58 registros)
-- =========================================================
SET IDENTITY_INSERT [dbo].[SaleDetailTax] ON;

INSERT INTO [dbo].[SaleDetailTax] ([id], [saleDetailId], [taxTypeId], [taxName], [taxRate], [taxAmount]) VALUES (13, 52, 1, 'IVA 16%', 0.16, 4.61);
INSERT INTO [dbo].[SaleDetailTax] ([id], [saleDetailId], [taxTypeId], [taxName], [taxRate], [taxAmount]) VALUES (14, 52, 4, 'IEPS 8%', 0.08, 2.3);
INSERT INTO [dbo].[SaleDetailTax] ([id], [saleDetailId], [taxTypeId], [taxName], [taxRate], [taxAmount]) VALUES (37, 69, 1, 'IVA 16%', 0.16, 2.72);
INSERT INTO [dbo].[SaleDetailTax] ([id], [saleDetailId], [taxTypeId], [taxName], [taxRate], [taxAmount]) VALUES (38, 69, 4, 'IEPS 8%', 0.08, 1.36);
INSERT INTO [dbo].[SaleDetailTax] ([id], [saleDetailId], [taxTypeId], [taxName], [taxRate], [taxAmount]) VALUES (39, 70, 2, 'IVA 0%', 0, 0);
INSERT INTO [dbo].[SaleDetailTax] ([id], [saleDetailId], [taxTypeId], [taxName], [taxRate], [taxAmount]) VALUES (40, 71, 2, 'IVA 0%', 0, 0);
INSERT INTO [dbo].[SaleDetailTax] ([id], [saleDetailId], [taxTypeId], [taxName], [taxRate], [taxAmount]) VALUES (41, 72, 2, 'IVA 0%', 0, 0);
INSERT INTO [dbo].[SaleDetailTax] ([id], [saleDetailId], [taxTypeId], [taxName], [taxRate], [taxAmount]) VALUES (42, 73, 2, 'IVA 0%', 0, 0);
INSERT INTO [dbo].[SaleDetailTax] ([id], [saleDetailId], [taxTypeId], [taxName], [taxRate], [taxAmount]) VALUES (43, 74, 3, 'Exento', 0, 0);
INSERT INTO [dbo].[SaleDetailTax] ([id], [saleDetailId], [taxTypeId], [taxName], [taxRate], [taxAmount]) VALUES (44, 75, 2, 'IVA 0%', 0, 0);
INSERT INTO [dbo].[SaleDetailTax] ([id], [saleDetailId], [taxTypeId], [taxName], [taxRate], [taxAmount]) VALUES (45, 76, 3, 'Exento', 0, 0);
INSERT INTO [dbo].[SaleDetailTax] ([id], [saleDetailId], [taxTypeId], [taxName], [taxRate], [taxAmount]) VALUES (46, 77, 3, 'Exento', 0, 0);
INSERT INTO [dbo].[SaleDetailTax] ([id], [saleDetailId], [taxTypeId], [taxName], [taxRate], [taxAmount]) VALUES (47, 78, 3, 'Exento', 0, 0);
INSERT INTO [dbo].[SaleDetailTax] ([id], [saleDetailId], [taxTypeId], [taxName], [taxRate], [taxAmount]) VALUES (48, 79, 2, 'IVA 0%', 0, 0);
INSERT INTO [dbo].[SaleDetailTax] ([id], [saleDetailId], [taxTypeId], [taxName], [taxRate], [taxAmount]) VALUES (49, 80, 1, 'IVA 16%', 0.16, 4.61);
INSERT INTO [dbo].[SaleDetailTax] ([id], [saleDetailId], [taxTypeId], [taxName], [taxRate], [taxAmount]) VALUES (50, 80, 4, 'IEPS 8%', 0.08, 2.3);
INSERT INTO [dbo].[SaleDetailTax] ([id], [saleDetailId], [taxTypeId], [taxName], [taxRate], [taxAmount]) VALUES (51, 81, 1, 'IVA 16%', 0.16, 2.72);
INSERT INTO [dbo].[SaleDetailTax] ([id], [saleDetailId], [taxTypeId], [taxName], [taxRate], [taxAmount]) VALUES (52, 81, 4, 'IEPS 8%', 0.08, 1.36);
INSERT INTO [dbo].[SaleDetailTax] ([id], [saleDetailId], [taxTypeId], [taxName], [taxRate], [taxAmount]) VALUES (53, 82, 1, 'IVA 16%', 0.16, 2.72);
INSERT INTO [dbo].[SaleDetailTax] ([id], [saleDetailId], [taxTypeId], [taxName], [taxRate], [taxAmount]) VALUES (54, 82, 4, 'IEPS 8%', 0.08, 1.36);
INSERT INTO [dbo].[SaleDetailTax] ([id], [saleDetailId], [taxTypeId], [taxName], [taxRate], [taxAmount]) VALUES (55, 83, 1, 'IVA 16%', 0.16, 4.61);
INSERT INTO [dbo].[SaleDetailTax] ([id], [saleDetailId], [taxTypeId], [taxName], [taxRate], [taxAmount]) VALUES (56, 83, 4, 'IEPS 8%', 0.08, 2.3);
INSERT INTO [dbo].[SaleDetailTax] ([id], [saleDetailId], [taxTypeId], [taxName], [taxRate], [taxAmount]) VALUES (57, 84, 1, 'IVA 16%', 0.16, 5.44);
INSERT INTO [dbo].[SaleDetailTax] ([id], [saleDetailId], [taxTypeId], [taxName], [taxRate], [taxAmount]) VALUES (58, 84, 4, 'IEPS 8%', 0.08, 2.72);
INSERT INTO [dbo].[SaleDetailTax] ([id], [saleDetailId], [taxTypeId], [taxName], [taxRate], [taxAmount]) VALUES (59, 85, 1, 'IVA 16%', 0.16, 5.44);
INSERT INTO [dbo].[SaleDetailTax] ([id], [saleDetailId], [taxTypeId], [taxName], [taxRate], [taxAmount]) VALUES (60, 85, 4, 'IEPS 8%', 0.08, 2.72);
INSERT INTO [dbo].[SaleDetailTax] ([id], [saleDetailId], [taxTypeId], [taxName], [taxRate], [taxAmount]) VALUES (61, 86, 1, 'IVA 16%', 0.16, 2.72);
INSERT INTO [dbo].[SaleDetailTax] ([id], [saleDetailId], [taxTypeId], [taxName], [taxRate], [taxAmount]) VALUES (62, 86, 4, 'IEPS 8%', 0.08, 1.36);
INSERT INTO [dbo].[SaleDetailTax] ([id], [saleDetailId], [taxTypeId], [taxName], [taxRate], [taxAmount]) VALUES (63, 87, 1, 'IVA 16%', 0.16, 2.72);
INSERT INTO [dbo].[SaleDetailTax] ([id], [saleDetailId], [taxTypeId], [taxName], [taxRate], [taxAmount]) VALUES (64, 87, 4, 'IEPS 8%', 0.08, 1.36);
INSERT INTO [dbo].[SaleDetailTax] ([id], [saleDetailId], [taxTypeId], [taxName], [taxRate], [taxAmount]) VALUES (65, 88, 1, 'IVA 16%', 0.16, 2.72);
INSERT INTO [dbo].[SaleDetailTax] ([id], [saleDetailId], [taxTypeId], [taxName], [taxRate], [taxAmount]) VALUES (66, 88, 4, 'IEPS 8%', 0.08, 1.36);
INSERT INTO [dbo].[SaleDetailTax] ([id], [saleDetailId], [taxTypeId], [taxName], [taxRate], [taxAmount]) VALUES (67, 89, 1, 'IVA 16%', 0.16, 2.72);
INSERT INTO [dbo].[SaleDetailTax] ([id], [saleDetailId], [taxTypeId], [taxName], [taxRate], [taxAmount]) VALUES (68, 89, 4, 'IEPS 8%', 0.08, 1.36);
INSERT INTO [dbo].[SaleDetailTax] ([id], [saleDetailId], [taxTypeId], [taxName], [taxRate], [taxAmount]) VALUES (69, 90, 1, 'IVA 16%', 0.16, 2.3);
INSERT INTO [dbo].[SaleDetailTax] ([id], [saleDetailId], [taxTypeId], [taxName], [taxRate], [taxAmount]) VALUES (70, 90, 4, 'IEPS 8%', 0.08, 1.15);
INSERT INTO [dbo].[SaleDetailTax] ([id], [saleDetailId], [taxTypeId], [taxName], [taxRate], [taxAmount]) VALUES (1083, 1105, 2, 'IVA 0%', 0, 0);
INSERT INTO [dbo].[SaleDetailTax] ([id], [saleDetailId], [taxTypeId], [taxName], [taxRate], [taxAmount]) VALUES (1084, 1106, 1, 'IVA 16%', 0.16, 2.3);
INSERT INTO [dbo].[SaleDetailTax] ([id], [saleDetailId], [taxTypeId], [taxName], [taxRate], [taxAmount]) VALUES (1105, 1119, 1, 'IVA 16%', 0.16, 4.61);
INSERT INTO [dbo].[SaleDetailTax] ([id], [saleDetailId], [taxTypeId], [taxName], [taxRate], [taxAmount]) VALUES (1109, 1122, 1, 'IVA 16%', 0.16, 2.72);
INSERT INTO [dbo].[SaleDetailTax] ([id], [saleDetailId], [taxTypeId], [taxName], [taxRate], [taxAmount]) VALUES (1110, 1122, 4, 'IEPS 8%', 0.08, 1.36);
INSERT INTO [dbo].[SaleDetailTax] ([id], [saleDetailId], [taxTypeId], [taxName], [taxRate], [taxAmount]) VALUES (1111, 1123, 1, 'IVA 16%', 0.16, 2.72);
INSERT INTO [dbo].[SaleDetailTax] ([id], [saleDetailId], [taxTypeId], [taxName], [taxRate], [taxAmount]) VALUES (1112, 1123, 4, 'IEPS 8%', 0.08, 1.36);
INSERT INTO [dbo].[SaleDetailTax] ([id], [saleDetailId], [taxTypeId], [taxName], [taxRate], [taxAmount]) VALUES (1113, 1124, 1, 'IVA 16%', 0.16, 2.3);
INSERT INTO [dbo].[SaleDetailTax] ([id], [saleDetailId], [taxTypeId], [taxName], [taxRate], [taxAmount]) VALUES (1114, 1125, 1, 'IVA 16%', 0.16, 2.3);
INSERT INTO [dbo].[SaleDetailTax] ([id], [saleDetailId], [taxTypeId], [taxName], [taxRate], [taxAmount]) VALUES (1118, 1128, 1, 'IVA 16%', 0.16, 2.3);
INSERT INTO [dbo].[SaleDetailTax] ([id], [saleDetailId], [taxTypeId], [taxName], [taxRate], [taxAmount]) VALUES (1119, 1129, 1, 'IVA 16%', 0.16, 2.3);
INSERT INTO [dbo].[SaleDetailTax] ([id], [saleDetailId], [taxTypeId], [taxName], [taxRate], [taxAmount]) VALUES (1120, 1130, 1, 'IVA 16%', 0.16, 2.72);
INSERT INTO [dbo].[SaleDetailTax] ([id], [saleDetailId], [taxTypeId], [taxName], [taxRate], [taxAmount]) VALUES (1121, 1130, 4, 'IEPS 8%', 0.08, 1.36);
INSERT INTO [dbo].[SaleDetailTax] ([id], [saleDetailId], [taxTypeId], [taxName], [taxRate], [taxAmount]) VALUES (1122, 1131, 1, 'IVA 16%', 0.16, 4.61);
INSERT INTO [dbo].[SaleDetailTax] ([id], [saleDetailId], [taxTypeId], [taxName], [taxRate], [taxAmount]) VALUES (1123, 1132, 1, 'IVA 16%', 0.16, 0.32);
INSERT INTO [dbo].[SaleDetailTax] ([id], [saleDetailId], [taxTypeId], [taxName], [taxRate], [taxAmount]) VALUES (1124, 1132, 3, 'Exento', 0, 0);
INSERT INTO [dbo].[SaleDetailTax] ([id], [saleDetailId], [taxTypeId], [taxName], [taxRate], [taxAmount]) VALUES (1125, 1133, 1, 'IVA 16%', 0.16, 1.6);
INSERT INTO [dbo].[SaleDetailTax] ([id], [saleDetailId], [taxTypeId], [taxName], [taxRate], [taxAmount]) VALUES (1126, 1133, 3, 'Exento', 0, 0);
INSERT INTO [dbo].[SaleDetailTax] ([id], [saleDetailId], [taxTypeId], [taxName], [taxRate], [taxAmount]) VALUES (1127, 1134, 1, 'IVA 16%', 0.16, 2.4);
INSERT INTO [dbo].[SaleDetailTax] ([id], [saleDetailId], [taxTypeId], [taxName], [taxRate], [taxAmount]) VALUES (1128, 1135, 1, 'IVA 16%', 0.16, 1.6);
INSERT INTO [dbo].[SaleDetailTax] ([id], [saleDetailId], [taxTypeId], [taxName], [taxRate], [taxAmount]) VALUES (1129, 1135, 3, 'Exento', 0, 0);
INSERT INTO [dbo].[SaleDetailTax] ([id], [saleDetailId], [taxTypeId], [taxName], [taxRate], [taxAmount]) VALUES (1130, 1136, 1, 'IVA 16%', 0.16, 2.4);

SET IDENTITY_INSERT [dbo].[SaleDetailTax] OFF;
GO

-- =========================================================
-- DATOS DE LA TABLA: CashCut (7 registros)
-- =========================================================
SET IDENTITY_INSERT [dbo].[CashCut] ON;

INSERT INTO [dbo].[CashCut] ([id], [cashSessionId], [createdAt], [totalSales], [totalCash], [totalCreditCard], [totalDebitCard], [totalRefunds], [netTotal], [cutNumber]) VALUES (1, 7, '2026-06-03 12:09:38.158', 587.42, 91.64, 19.72, 407.16, 68.9, 518.52, 1);
INSERT INTO [dbo].[CashCut] ([id], [cashSessionId], [createdAt], [totalSales], [totalCash], [totalCreditCard], [totalDebitCard], [totalRefunds], [netTotal], [cutNumber]) VALUES (2, 9, '2026-06-03 12:18:36.966', 0, 0, 0, 0, 0, 0, 1);
INSERT INTO [dbo].[CashCut] ([id], [cashSessionId], [createdAt], [totalSales], [totalCash], [totalCreditCard], [totalDebitCard], [totalRefunds], [netTotal], [cutNumber]) VALUES (3, 9, '2026-06-03 12:24:17.541', 0, 0, 0, 0, 0, 0, 2);
INSERT INTO [dbo].[CashCut] ([id], [cashSessionId], [createdAt], [totalSales], [totalCash], [totalCreditCard], [totalDebitCard], [totalRefunds], [netTotal], [cutNumber]) VALUES (4, 9, '2026-06-03 12:24:34.473', 0, 0, 0, 0, 0, 0, 3);
INSERT INTO [dbo].[CashCut] ([id], [cashSessionId], [createdAt], [totalSales], [totalCash], [totalCreditCard], [totalDebitCard], [totalRefunds], [netTotal], [cutNumber]) VALUES (5, 15, '2026-06-03 17:08:55.553', 137.81, 85.61, 0, 0, 52.2, 85.61, 1);
INSERT INTO [dbo].[CashCut] ([id], [cashSessionId], [createdAt], [totalSales], [totalCash], [totalCreditCard], [totalDebitCard], [totalRefunds], [netTotal], [cutNumber]) VALUES (6, 20, '2026-06-03 21:00:40.346', 56.14, 0, 0, 0, 56.14, 0, 1);
INSERT INTO [dbo].[CashCut] ([id], [cashSessionId], [createdAt], [totalSales], [totalCash], [totalCreditCard], [totalDebitCard], [totalRefunds], [netTotal], [cutNumber]) VALUES (7, 1031, '2026-06-05 11:10:11.868', 28.7, 28.7, 0, 0, 0, 28.7, 1);

SET IDENTITY_INSERT [dbo].[CashCut] OFF;
GO

-- =========================================================
-- DATOS DE LA TABLA: Return (5 registros)
-- =========================================================
SET IDENTITY_INSERT [dbo].[Return] ON;

INSERT INTO [dbo].[Return] ([id], [returnNumber], [saleId], [userId], [authorizedById], [reason], [type], [totalRefunded], [paymentMethod], [cashSessionId], [cfdiUuid], [exchangeSaleId], [createdAt], [updatedAt]) VALUES (1, 'DEV-236646212', 31, 3, 1, 'caducidad vencida', 'PARCIAL', 24.36, 'EFECTIVO', 21, NULL, NULL, '2026-06-03 23:00:36.648', '2026-06-03 23:00:36.648');
INSERT INTO [dbo].[Return] ([id], [returnNumber], [saleId], [userId], [authorizedById], [reason], [type], [totalRefunded], [paymentMethod], [cashSessionId], [cfdiUuid], [exchangeSaleId], [createdAt], [updatedAt]) VALUES (2, 'DEV-975815386', 30, 3, 1, 'defectuoso', 'TOTAL', 552.16, 'TARJETA', 21, NULL, NULL, '2026-06-03 23:12:55.818', '2026-06-03 23:12:55.818');
INSERT INTO [dbo].[Return] ([id], [returnNumber], [saleId], [userId], [authorizedById], [reason], [type], [totalRefunded], [paymentMethod], [cashSessionId], [cfdiUuid], [exchangeSaleId], [createdAt], [updatedAt]) VALUES (3, 'DEV-361738387', 32, 3, 1, 'producto vencido', 'PARCIAL', 13.15, 'EFECTIVO', 21, NULL, NULL, '2026-06-03 23:19:21.741', '2026-06-03 23:19:21.741');
INSERT INTO [dbo].[Return] ([id], [returnNumber], [saleId], [userId], [authorizedById], [reason], [type], [totalRefunded], [paymentMethod], [cashSessionId], [cfdiUuid], [exchangeSaleId], [createdAt], [updatedAt]) VALUES (8, 'DEV-279004534', 61, 3, 1, 'Producto Equivocado', 'TOTAL', 35.71, 'QR_MERCADOPAGO', 26, NULL, NULL, '2026-06-04 15:07:59.008', '2026-06-04 15:07:59.008');
INSERT INTO [dbo].[Return] ([id], [returnNumber], [saleId], [userId], [authorizedById], [reason], [type], [totalRefunded], [paymentMethod], [cashSessionId], [cfdiUuid], [exchangeSaleId], [createdAt], [updatedAt]) VALUES (9, 'DEV-718015325', 66, 3, 1, 'NIDASJDKHAS', 'TOTAL', 28.11, 'QR_MERCADOPAGO', 27, NULL, NULL, '2026-06-04 17:28:38.034', '2026-06-04 17:28:38.034');

SET IDENTITY_INSERT [dbo].[Return] OFF;
GO

-- =========================================================
-- DATOS DE LA TABLA: ReturnDetail (6 registros)
-- =========================================================
SET IDENTITY_INSERT [dbo].[ReturnDetail] ON;

INSERT INTO [dbo].[ReturnDetail] ([id], [returnId], [productId], [saleDetailId], [quantity], [unitPrice], [taxAmount], [discountAmount], [destination], [serialNumber], [batchNumber]) VALUES (1, 1, 4, 40, 1, 21, 3.36, 0, 'MERMA', NULL, NULL);
INSERT INTO [dbo].[ReturnDetail] ([id], [returnId], [productId], [saleDetailId], [quantity], [unitPrice], [taxAmount], [discountAmount], [destination], [serialNumber], [batchNumber]) VALUES (2, 2, 3, 38, 10, 45, 60.8, 70, 'INVENTARIO_VENDIBLE', NULL, NULL);
INSERT INTO [dbo].[ReturnDetail] ([id], [returnId], [productId], [saleDetailId], [quantity], [unitPrice], [taxAmount], [discountAmount], [destination], [serialNumber], [batchNumber]) VALUES (3, 2, 6, 39, 8, 12, 15.36, 0, 'INVENTARIO_VENDIBLE', NULL, NULL);
INSERT INTO [dbo].[ReturnDetail] ([id], [returnId], [productId], [saleDetailId], [quantity], [unitPrice], [taxAmount], [discountAmount], [destination], [serialNumber], [batchNumber]) VALUES (4, 3, 2, 42, 1, 17, 1.81, 5.67, 'MERMA', NULL, NULL);
INSERT INTO [dbo].[ReturnDetail] ([id], [returnId], [productId], [saleDetailId], [quantity], [unitPrice], [taxAmount], [discountAmount], [destination], [serialNumber], [batchNumber]) VALUES (9, 8, 1, 80, 2, 18, 6.91, 7.2, 'INVENTARIO_VENDIBLE', NULL, NULL);
INSERT INTO [dbo].[ReturnDetail] ([id], [returnId], [productId], [saleDetailId], [quantity], [unitPrice], [taxAmount], [discountAmount], [destination], [serialNumber], [batchNumber]) VALUES (10, 9, 2, 85, 2, 17, 5.44, 11.33, 'INVENTARIO_VENDIBLE', NULL, NULL);

SET IDENTITY_INSERT [dbo].[ReturnDetail] OFF;
GO

-- =========================================================
-- DATOS DE LA TABLA: PurchaseOrder (5 registros)
-- =========================================================
SET IDENTITY_INSERT [dbo].[PurchaseOrder] ON;

INSERT INTO [dbo].[PurchaseOrder] ([id], [supplierId], [branchId], [reference], [purchaseDate], [expectedDate], [subtotal], [tax], [total], [status], [notes], [createdBy], [receivedBy], [receivedDate], [createdAt], [updatedAt]) VALUES (1, 1, 1, '1235ss', '2026-06-04 14:36:38.501', NULL, 75, 12, 87, 'RECIBIDA', 'asdfghjklñ', 1, 1, '2026-06-04 14:37:13.177', '2026-06-04 14:36:38.501', '2026-06-04 14:37:13.178');
INSERT INTO [dbo].[PurchaseOrder] ([id], [supplierId], [branchId], [reference], [purchaseDate], [expectedDate], [subtotal], [tax], [total], [status], [notes], [createdBy], [receivedBy], [receivedDate], [createdAt], [updatedAt]) VALUES (2, 1, 1, 'as456aas', '2026-06-04 14:39:07.583', NULL, 205, 32.8, 237.8, 'RECIBIDA', 'asdfguhn', 1, 1, '2026-06-04 14:39:25.550', '2026-06-04 14:39:07.583', '2026-06-04 14:39:25.551');
INSERT INTO [dbo].[PurchaseOrder] ([id], [supplierId], [branchId], [reference], [purchaseDate], [expectedDate], [subtotal], [tax], [total], [status], [notes], [createdBy], [receivedBy], [receivedDate], [createdAt], [updatedAt]) VALUES (3, 2, 1, 'ahujsi654', '2026-06-04 16:12:41.311', NULL, 450, 72, 522, 'RECIBIDA', 'HIelos para la sucursal centro', 1, 1, '2026-06-04 16:12:50.962', '2026-06-04 16:12:41.311', '2026-06-04 16:12:50.963');
INSERT INTO [dbo].[PurchaseOrder] ([id], [supplierId], [branchId], [reference], [purchaseDate], [expectedDate], [subtotal], [tax], [total], [status], [notes], [createdBy], [receivedBy], [receivedDate], [createdAt], [updatedAt]) VALUES (4, 1, 1, 'A123F', '2026-06-04 17:38:26.926', NULL, 125, 20, 145, 'RECIBIDA', 'ASDFGHGRERHG', 1, 1, '2026-06-04 17:38:35.040', '2026-06-04 17:38:26.926', '2026-06-04 17:38:35.041');
INSERT INTO [dbo].[PurchaseOrder] ([id], [supplierId], [branchId], [reference], [purchaseDate], [expectedDate], [subtotal], [tax], [total], [status], [notes], [createdBy], [receivedBy], [receivedDate], [createdAt], [updatedAt]) VALUES (5, 2, 2, 'FER-0928-FOPA', '2026-06-05 11:31:41.402', NULL, 360, 57.6, 417.6, 'PENDIENTE', 'NINGUNA', 1, NULL, NULL, '2026-06-05 11:31:41.402', '2026-06-05 11:31:41.402');

SET IDENTITY_INSERT [dbo].[PurchaseOrder] OFF;
GO

-- =========================================================
-- DATOS DE LA TABLA: PurchaseDetail (6 registros)
-- =========================================================
SET IDENTITY_INSERT [dbo].[PurchaseDetail] ON;

INSERT INTO [dbo].[PurchaseDetail] ([id], [purchaseOrderId], [productId], [quantity], [unitCost], [subtotal], [createdAt], [updatedAt]) VALUES (1, 1, 1, 6, 12.5, 75, '2026-06-04 14:36:38.501', '2026-06-04 14:36:38.501');
INSERT INTO [dbo].[PurchaseDetail] ([id], [purchaseOrderId], [productId], [quantity], [unitCost], [subtotal], [createdAt], [updatedAt]) VALUES (2, 2, 8, 10, 8, 80, '2026-06-04 14:39:07.583', '2026-06-04 14:39:07.583');
INSERT INTO [dbo].[PurchaseDetail] ([id], [purchaseOrderId], [productId], [quantity], [unitCost], [subtotal], [createdAt], [updatedAt]) VALUES (3, 2, 1, 10, 12.5, 125, '2026-06-04 14:39:07.583', '2026-06-04 14:39:07.583');
INSERT INTO [dbo].[PurchaseDetail] ([id], [purchaseOrderId], [productId], [quantity], [unitCost], [subtotal], [createdAt], [updatedAt]) VALUES (4, 3, 14, 10, 45, 450, '2026-06-04 16:12:41.311', '2026-06-04 16:12:41.311');
INSERT INTO [dbo].[PurchaseDetail] ([id], [purchaseOrderId], [productId], [quantity], [unitCost], [subtotal], [createdAt], [updatedAt]) VALUES (5, 4, 1, 10, 12.5, 125, '2026-06-04 17:38:26.926', '2026-06-04 17:38:26.926');
INSERT INTO [dbo].[PurchaseDetail] ([id], [purchaseOrderId], [productId], [quantity], [unitCost], [subtotal], [createdAt], [updatedAt]) VALUES (6, 5, 14, 8, 45, 360, '2026-06-05 11:31:41.402', '2026-06-05 11:31:41.402');

SET IDENTITY_INSERT [dbo].[PurchaseDetail] OFF;
GO

-- =========================================================
-- DATOS DE LA TABLA: Kardex (115 registros)
-- =========================================================
SET IDENTITY_INSERT [dbo].[Kardex] ON;

INSERT INTO [dbo].[Kardex] ([id], [productId], [branchId], [userId], [quantityChange], [balanceAfter], [movementType], [reason], [purchaseOrderId], [createdAt]) VALUES (1, 1, 1, 3, -1, 49, 'VENTA', 'Venta registrada con Folio: V-589767123', NULL, '2026-06-02 08:29:49.848');
INSERT INTO [dbo].[Kardex] ([id], [productId], [branchId], [userId], [quantityChange], [balanceAfter], [movementType], [reason], [purchaseOrderId], [createdAt]) VALUES (2, 2, 1, 3, -1, 58, 'VENTA', 'Venta registrada con Folio: V-589767123', NULL, '2026-06-02 08:29:49.887');
INSERT INTO [dbo].[Kardex] ([id], [productId], [branchId], [userId], [quantityChange], [balanceAfter], [movementType], [reason], [purchaseOrderId], [createdAt]) VALUES (3, 1, 1, 11, -2, 47, 'VENTA', 'Venta registrada con Folio: V-213138525', NULL, '2026-06-02 09:13:33.207');
INSERT INTO [dbo].[Kardex] ([id], [productId], [branchId], [userId], [quantityChange], [balanceAfter], [movementType], [reason], [purchaseOrderId], [createdAt]) VALUES (4, 1, 1, 3, -2, 45, 'VENTA', 'Venta registrada con Folio: V-728952246', NULL, '2026-06-02 10:12:09.032');
INSERT INTO [dbo].[Kardex] ([id], [productId], [branchId], [userId], [quantityChange], [balanceAfter], [movementType], [reason], [purchaseOrderId], [createdAt]) VALUES (5, 3, 1, 3, -1, 50, 'VENTA', 'Venta registrada con Folio: V-592284169', NULL, '2026-06-02 10:26:32.344');
INSERT INTO [dbo].[Kardex] ([id], [productId], [branchId], [userId], [quantityChange], [balanceAfter], [movementType], [reason], [purchaseOrderId], [createdAt]) VALUES (6, 1, 1, 3, -2, 43, 'VENTA', 'Venta registrada con Folio: V-319856291', NULL, '2026-06-02 10:55:19.923');
INSERT INTO [dbo].[Kardex] ([id], [productId], [branchId], [userId], [quantityChange], [balanceAfter], [movementType], [reason], [purchaseOrderId], [createdAt]) VALUES (7, 3, 1, 3, -1, 49, 'VENTA', 'Venta registrada con Folio: V-725013330', NULL, '2026-06-02 11:02:05.085');
INSERT INTO [dbo].[Kardex] ([id], [productId], [branchId], [userId], [quantityChange], [balanceAfter], [movementType], [reason], [purchaseOrderId], [createdAt]) VALUES (8, 2, 1, 3, -6, 52, 'VENTA', 'Venta registrada con Folio: V-869113923', NULL, '2026-06-02 11:54:30.760');
INSERT INTO [dbo].[Kardex] ([id], [productId], [branchId], [userId], [quantityChange], [balanceAfter], [movementType], [reason], [purchaseOrderId], [createdAt]) VALUES (9, 3, 1, 3, -1, 48, 'VENTA', 'Venta registrada con Folio: V-869113923', NULL, '2026-06-02 11:54:32.015');
INSERT INTO [dbo].[Kardex] ([id], [productId], [branchId], [userId], [quantityChange], [balanceAfter], [movementType], [reason], [purchaseOrderId], [createdAt]) VALUES (10, 3, 1, 3, 1, 49, 'DEVOLUCION', 'Cancelación Venta Folio: V-725013330. Autorizó: Administrador FMB. Motivo: Producto equivocado', NULL, '2026-06-02 12:01:39.897');
INSERT INTO [dbo].[Kardex] ([id], [productId], [branchId], [userId], [quantityChange], [balanceAfter], [movementType], [reason], [purchaseOrderId], [createdAt]) VALUES (11, 2, 1, 3, 6, 58, 'DEVOLUCION', 'Cancelación Venta Folio: V-869113923. Autorizó: Administrador FMB. Motivo: No se we', NULL, '2026-06-02 12:01:50.901');
INSERT INTO [dbo].[Kardex] ([id], [productId], [branchId], [userId], [quantityChange], [balanceAfter], [movementType], [reason], [purchaseOrderId], [createdAt]) VALUES (12, 3, 1, 3, 1, 50, 'DEVOLUCION', 'Cancelación Venta Folio: V-869113923. Autorizó: Administrador FMB. Motivo: No se we', NULL, '2026-06-02 12:01:50.943');
INSERT INTO [dbo].[Kardex] ([id], [productId], [branchId], [userId], [quantityChange], [balanceAfter], [movementType], [reason], [purchaseOrderId], [createdAt]) VALUES (13, 1, 1, 3, 1, 44, 'DEVOLUCION', 'Cancelación Venta Folio: V-589767123. Autorizó: Administrador FMB. Motivo: Producto equivocado', NULL, '2026-06-02 12:36:50.892');
INSERT INTO [dbo].[Kardex] ([id], [productId], [branchId], [userId], [quantityChange], [balanceAfter], [movementType], [reason], [purchaseOrderId], [createdAt]) VALUES (14, 2, 1, 3, 1, 59, 'DEVOLUCION', 'Cancelación Venta Folio: V-589767123. Autorizó: Administrador FMB. Motivo: Producto equivocado', NULL, '2026-06-02 12:36:50.934');
INSERT INTO [dbo].[Kardex] ([id], [productId], [branchId], [userId], [quantityChange], [balanceAfter], [movementType], [reason], [purchaseOrderId], [createdAt]) VALUES (15, 3, 1, 3, -1, 49, 'VENTA', 'Venta registrada con Folio: V-070179367', NULL, '2026-06-02 16:24:33.141');
INSERT INTO [dbo].[Kardex] ([id], [productId], [branchId], [userId], [quantityChange], [balanceAfter], [movementType], [reason], [purchaseOrderId], [createdAt]) VALUES (16, 3, 1, 3, -4, 45, 'VENTA', 'Venta registrada con Folio: V-456180811', NULL, '2026-06-02 16:47:36.336');
INSERT INTO [dbo].[Kardex] ([id], [productId], [branchId], [userId], [quantityChange], [balanceAfter], [movementType], [reason], [purchaseOrderId], [createdAt]) VALUES (17, 3, 1, 3, -3, 42, 'VENTA', 'Venta registrada con Folio: V-503179861', NULL, '2026-06-02 16:48:23.244');
INSERT INTO [dbo].[Kardex] ([id], [productId], [branchId], [userId], [quantityChange], [balanceAfter], [movementType], [reason], [purchaseOrderId], [createdAt]) VALUES (18, 1, 1, 3, -2, 42, 'VENTA', 'Venta registrada con Folio: V-503179861', NULL, '2026-06-02 16:48:23.291');
INSERT INTO [dbo].[Kardex] ([id], [productId], [branchId], [userId], [quantityChange], [balanceAfter], [movementType], [reason], [purchaseOrderId], [createdAt]) VALUES (19, 3, 1, 3, -1, 41, 'VENTA', 'Venta registrada con Folio: V-790157749', NULL, '2026-06-02 17:43:10.404');
INSERT INTO [dbo].[Kardex] ([id], [productId], [branchId], [userId], [quantityChange], [balanceAfter], [movementType], [reason], [purchaseOrderId], [createdAt]) VALUES (20, 2, 1, 3, -1, 58, 'VENTA', 'Venta registrada con Folio: V-741552929', NULL, '2026-06-03 10:22:21.652');
INSERT INTO [dbo].[Kardex] ([id], [productId], [branchId], [userId], [quantityChange], [balanceAfter], [movementType], [reason], [purchaseOrderId], [createdAt]) VALUES (21, 3, 1, 11, -1, 40, 'VENTA', 'Venta registrada con Folio: V-433468380', NULL, '2026-06-03 10:33:53.599');
INSERT INTO [dbo].[Kardex] ([id], [productId], [branchId], [userId], [quantityChange], [balanceAfter], [movementType], [reason], [purchaseOrderId], [createdAt]) VALUES (23, 2, 1, 11, -3, 55, 'VENTA', 'Venta registrada con Folio: V-345759924', NULL, '2026-06-03 10:49:05.821');
INSERT INTO [dbo].[Kardex] ([id], [productId], [branchId], [userId], [quantityChange], [balanceAfter], [movementType], [reason], [purchaseOrderId], [createdAt]) VALUES (24, 2, 1, 3, -3, 52, 'VENTA', 'Venta registrada con Folio: V-121086979', NULL, '2026-06-03 11:02:01.196');
INSERT INTO [dbo].[Kardex] ([id], [productId], [branchId], [userId], [quantityChange], [balanceAfter], [movementType], [reason], [purchaseOrderId], [createdAt]) VALUES (25, 3, 1, 3, -1, 39, 'VENTA', 'Venta registrada con Folio: V-166664890', NULL, '2026-06-03 11:02:46.729');
INSERT INTO [dbo].[Kardex] ([id], [productId], [branchId], [userId], [quantityChange], [balanceAfter], [movementType], [reason], [purchaseOrderId], [createdAt]) VALUES (26, 1, 1, 3, -1, 41, 'VENTA', 'Venta registrada con Folio: V-282784312', NULL, '2026-06-03 11:04:42.856');
INSERT INTO [dbo].[Kardex] ([id], [productId], [branchId], [userId], [quantityChange], [balanceAfter], [movementType], [reason], [purchaseOrderId], [createdAt]) VALUES (27, 1, 1, 3, 1, 42, 'DEVOLUCION', 'Cancelación Venta Folio: V-282784312. Autorizó: Administrador LYFRGL. Motivo: Producto equivocado', NULL, '2026-06-03 11:45:27.218');
INSERT INTO [dbo].[Kardex] ([id], [productId], [branchId], [userId], [quantityChange], [balanceAfter], [movementType], [reason], [purchaseOrderId], [createdAt]) VALUES (28, 3, 1, 3, 1, 40, 'DEVOLUCION', 'Cancelación Venta Folio: V-166664890. Autorizó: Administrador LYFRGL. Motivo: Producto equivocado', NULL, '2026-06-03 11:57:54.789');
INSERT INTO [dbo].[Kardex] ([id], [productId], [branchId], [userId], [quantityChange], [balanceAfter], [movementType], [reason], [purchaseOrderId], [createdAt]) VALUES (29, 3, 1, 3, -1, 59, 'VENTA', 'Venta registrada con Folio: V-879250172', NULL, '2026-06-03 12:37:59.338');
INSERT INTO [dbo].[Kardex] ([id], [productId], [branchId], [userId], [quantityChange], [balanceAfter], [movementType], [reason], [purchaseOrderId], [createdAt]) VALUES (30, 3, 1, 4, 1, 60, 'DEVOLUCION', 'Cancelación Venta Folio: V-879250172. Autorizó: Administrador LYFRGL. Motivo: Producto equivocado', NULL, '2026-06-03 12:39:25.723');
INSERT INTO [dbo].[Kardex] ([id], [productId], [branchId], [userId], [quantityChange], [balanceAfter], [movementType], [reason], [purchaseOrderId], [createdAt]) VALUES (31, 1, 1, 3, -1, 61, 'VENTA', 'Venta registrada con Folio: V-018338888', NULL, '2026-06-03 12:40:18.400');
INSERT INTO [dbo].[Kardex] ([id], [productId], [branchId], [userId], [quantityChange], [balanceAfter], [movementType], [reason], [purchaseOrderId], [createdAt]) VALUES (32, 1, 1, 3, -1, 60, 'VENTA', 'Venta registrada con Folio: V-744633449', NULL, '2026-06-03 12:52:26.184');
INSERT INTO [dbo].[Kardex] ([id], [productId], [branchId], [userId], [quantityChange], [balanceAfter], [movementType], [reason], [purchaseOrderId], [createdAt]) VALUES (33, 1, 1, 3, 1, 61, 'DEVOLUCION', 'Cancelación Venta Folio: V-018338888. Autorizó: Administrador LYFRGL. Motivo: Producto equivocado', NULL, '2026-06-03 13:00:16.517');
INSERT INTO [dbo].[Kardex] ([id], [productId], [branchId], [userId], [quantityChange], [balanceAfter], [movementType], [reason], [purchaseOrderId], [createdAt]) VALUES (34, 1, 1, 3, -1, 102, 'VENTA', 'Venta registrada con Folio: V-253221724', NULL, '2026-06-03 13:34:14.775');
INSERT INTO [dbo].[Kardex] ([id], [productId], [branchId], [userId], [quantityChange], [balanceAfter], [movementType], [reason], [purchaseOrderId], [createdAt]) VALUES (35, 2, 1, 3, -2, 85, 'VENTA', 'Venta registrada con Folio: V-079605403', NULL, '2026-06-03 14:04:41.335');
INSERT INTO [dbo].[Kardex] ([id], [productId], [branchId], [userId], [quantityChange], [balanceAfter], [movementType], [reason], [purchaseOrderId], [createdAt]) VALUES (36, 2, 1, 3, 2, 87, 'DEVOLUCION', 'Cancelación Venta Folio: V-079605403. Autorizó: Administrador LYFRGL. Motivo: error de cobro', NULL, '2026-06-03 14:05:19.427');
INSERT INTO [dbo].[Kardex] ([id], [productId], [branchId], [userId], [quantityChange], [balanceAfter], [movementType], [reason], [purchaseOrderId], [createdAt]) VALUES (37, 1, 1, 3, -1, 101, 'VENTA', 'Venta registrada con Folio: V-863302885', NULL, '2026-06-03 14:51:03.435');
INSERT INTO [dbo].[Kardex] ([id], [productId], [branchId], [userId], [quantityChange], [balanceAfter], [movementType], [reason], [purchaseOrderId], [createdAt]) VALUES (38, 1, 1, 3, -2, 99, 'VENTA', 'Venta registrada con Folio: V-490684521', NULL, '2026-06-03 16:41:32.527');
INSERT INTO [dbo].[Kardex] ([id], [productId], [branchId], [userId], [quantityChange], [balanceAfter], [movementType], [reason], [purchaseOrderId], [createdAt]) VALUES (39, 3, 1, 3, -1, 99, 'VENTA', 'Venta registrada con Folio: V-490684521', NULL, '2026-06-03 16:41:34.268');
INSERT INTO [dbo].[Kardex] ([id], [productId], [branchId], [userId], [quantityChange], [balanceAfter], [movementType], [reason], [purchaseOrderId], [createdAt]) VALUES (40, 3, 1, 3, -1, 98, 'VENTA', 'Venta registrada con Folio: V-988868593', NULL, '2026-06-03 17:06:29.055');
INSERT INTO [dbo].[Kardex] ([id], [productId], [branchId], [userId], [quantityChange], [balanceAfter], [movementType], [reason], [purchaseOrderId], [createdAt]) VALUES (41, 3, 1, 3, 1, 99, 'DEVOLUCION', 'Cancelación Venta Folio: V-988868593. Autorizó: Administrador LYFRGL. Motivo: Producto equivocado', NULL, '2026-06-03 17:08:12.972');
INSERT INTO [dbo].[Kardex] ([id], [productId], [branchId], [userId], [quantityChange], [balanceAfter], [movementType], [reason], [purchaseOrderId], [createdAt]) VALUES (42, 2, 1, 3, -3, 84, 'VENTA', 'Venta registrada con Folio: V-692731219', NULL, '2026-06-03 17:18:12.813');
INSERT INTO [dbo].[Kardex] ([id], [productId], [branchId], [userId], [quantityChange], [balanceAfter], [movementType], [reason], [purchaseOrderId], [createdAt]) VALUES (43, 5, 1, 3, -1, 121, 'VENTA', 'Venta registrada con Folio: V-692731219', NULL, '2026-06-03 17:18:12.857');
INSERT INTO [dbo].[Kardex] ([id], [productId], [branchId], [userId], [quantityChange], [balanceAfter], [movementType], [reason], [purchaseOrderId], [createdAt]) VALUES (44, 6, 1, 3, -1, 132, 'VENTA', 'Venta registrada con Folio: V-692731219', NULL, '2026-06-03 17:18:12.887');
INSERT INTO [dbo].[Kardex] ([id], [productId], [branchId], [userId], [quantityChange], [balanceAfter], [movementType], [reason], [purchaseOrderId], [createdAt]) VALUES (45, 6, 1, 3, -9, 123, 'VENTA', 'Venta registrada con Folio: V-887687299', NULL, '2026-06-03 17:21:27.776');
INSERT INTO [dbo].[Kardex] ([id], [productId], [branchId], [userId], [quantityChange], [balanceAfter], [movementType], [reason], [purchaseOrderId], [createdAt]) VALUES (46, 2, 1, 3, -1, 83, 'VENTA', 'Venta registrada con Folio: V-659741750', NULL, '2026-06-03 17:34:19.823');
INSERT INTO [dbo].[Kardex] ([id], [productId], [branchId], [userId], [quantityChange], [balanceAfter], [movementType], [reason], [purchaseOrderId], [createdAt]) VALUES (47, 1, 1, 3, -1, 98, 'VENTA', 'Venta registrada con Folio: V-659741750', NULL, '2026-06-03 17:34:19.869');
INSERT INTO [dbo].[Kardex] ([id], [productId], [branchId], [userId], [quantityChange], [balanceAfter], [movementType], [reason], [purchaseOrderId], [createdAt]) VALUES (48, 1, 1, 3, -1, 97, 'VENTA', 'Venta registrada con Folio: V-961809902', NULL, '2026-06-03 20:59:21.970');
INSERT INTO [dbo].[Kardex] ([id], [productId], [branchId], [userId], [quantityChange], [balanceAfter], [movementType], [reason], [purchaseOrderId], [createdAt]) VALUES (49, 2, 1, 3, -3, 80, 'VENTA', 'Venta registrada con Folio: V-961809902', NULL, '2026-06-03 20:59:22.180');
INSERT INTO [dbo].[Kardex] ([id], [productId], [branchId], [userId], [quantityChange], [balanceAfter], [movementType], [reason], [purchaseOrderId], [createdAt]) VALUES (50, 1, 1, 3, 1, 98, 'DEVOLUCION', 'Cancelación Venta Folio: V-961809902. Autorizó: Administrador LYFRGL. Motivo: Producto equivocado', NULL, '2026-06-03 21:00:27.127');
INSERT INTO [dbo].[Kardex] ([id], [productId], [branchId], [userId], [quantityChange], [balanceAfter], [movementType], [reason], [purchaseOrderId], [createdAt]) VALUES (51, 2, 1, 3, 3, 83, 'DEVOLUCION', 'Cancelación Venta Folio: V-961809902. Autorizó: Administrador LYFRGL. Motivo: Producto equivocado', NULL, '2026-06-03 21:00:27.181');
INSERT INTO [dbo].[Kardex] ([id], [productId], [branchId], [userId], [quantityChange], [balanceAfter], [movementType], [reason], [purchaseOrderId], [createdAt]) VALUES (52, 3, 1, 3, -10, 89, 'VENTA', 'Venta registrada con Folio: V-075483687', NULL, '2026-06-03 21:01:15.567');
INSERT INTO [dbo].[Kardex] ([id], [productId], [branchId], [userId], [quantityChange], [balanceAfter], [movementType], [reason], [purchaseOrderId], [createdAt]) VALUES (53, 6, 1, 3, -8, 115, 'VENTA', 'Venta registrada con Folio: V-075483687', NULL, '2026-06-03 21:01:15.609');
INSERT INTO [dbo].[Kardex] ([id], [productId], [branchId], [userId], [quantityChange], [balanceAfter], [movementType], [reason], [purchaseOrderId], [createdAt]) VALUES (54, 4, 1, 3, -1, 126, 'VENTA', 'Venta registrada con Folio: V-687107463', NULL, '2026-06-03 22:51:29.177');
INSERT INTO [dbo].[Kardex] ([id], [productId], [branchId], [userId], [quantityChange], [balanceAfter], [movementType], [reason], [purchaseOrderId], [createdAt]) VALUES (55, 2, 1, 3, -3, 80, 'VENTA', 'Venta registrada con Folio: V-687107463', NULL, '2026-06-03 22:51:30.985');
INSERT INTO [dbo].[Kardex] ([id], [productId], [branchId], [userId], [quantityChange], [balanceAfter], [movementType], [reason], [purchaseOrderId], [createdAt]) VALUES (56, 4, 1, 3, 1, 126, 'MERMA', 'Entrada física a MERMA por devolución Folio: DEV-236646212. Autorizó: Administrador LYFRGL.', NULL, '2026-06-03 23:00:37.747');
INSERT INTO [dbo].[Kardex] ([id], [productId], [branchId], [userId], [quantityChange], [balanceAfter], [movementType], [reason], [purchaseOrderId], [createdAt]) VALUES (57, 3, 1, 3, 10, 99, 'DEVOLUCION', 'Devolución Vendible Folio: DEV-975815386. Autorizó: Administrador LYFRGL.', NULL, '2026-06-03 23:12:57.420');
INSERT INTO [dbo].[Kardex] ([id], [productId], [branchId], [userId], [quantityChange], [balanceAfter], [movementType], [reason], [purchaseOrderId], [createdAt]) VALUES (58, 6, 1, 3, 8, 123, 'DEVOLUCION', 'Devolución Vendible Folio: DEV-975815386. Autorizó: Administrador LYFRGL.', NULL, '2026-06-03 23:12:59.149');
INSERT INTO [dbo].[Kardex] ([id], [productId], [branchId], [userId], [quantityChange], [balanceAfter], [movementType], [reason], [purchaseOrderId], [createdAt]) VALUES (59, 2, 1, 3, -3, 77, 'VENTA', 'Venta registrada con Folio: V-286498471', NULL, '2026-06-03 23:18:08.303');
INSERT INTO [dbo].[Kardex] ([id], [productId], [branchId], [userId], [quantityChange], [balanceAfter], [movementType], [reason], [purchaseOrderId], [createdAt]) VALUES (60, 4, 1, 3, -1, 125, 'VENTA', 'Venta registrada con Folio: V-286498471', NULL, '2026-06-03 23:18:09.758');
INSERT INTO [dbo].[Kardex] ([id], [productId], [branchId], [userId], [quantityChange], [balanceAfter], [movementType], [reason], [purchaseOrderId], [createdAt]) VALUES (61, 2, 1, 3, 1, 77, 'MERMA', 'Entrada física a MERMA por devolución Folio: DEV-361738387. Autorizó: Administrador LYFRGL.', NULL, '2026-06-03 23:19:22.751');
INSERT INTO [dbo].[Kardex] ([id], [productId], [branchId], [userId], [quantityChange], [balanceAfter], [movementType], [reason], [purchaseOrderId], [createdAt]) VALUES (66, 1, 1, 3, -2, 96, 'VENTA', 'Venta registrada con Folio: V-400912971', NULL, '2026-06-04 10:43:23.947');
INSERT INTO [dbo].[Kardex] ([id], [productId], [branchId], [userId], [quantityChange], [balanceAfter], [movementType], [reason], [purchaseOrderId], [createdAt]) VALUES (70, 1, 1, 1, 10, 106, 'COMPRA', 'Compra ABC-1234 de Coca Cola C.A C.V. Costo unit: $12.50', NULL, '2026-06-04 11:21:01.351');
INSERT INTO [dbo].[Kardex] ([id], [productId], [branchId], [userId], [quantityChange], [balanceAfter], [movementType], [reason], [purchaseOrderId], [createdAt]) VALUES (74, 12, 1, 1, 20, 20, 'COMPRA', 'Costo unit: $20.00', NULL, '2026-06-04 12:21:07.406');
INSERT INTO [dbo].[Kardex] ([id], [productId], [branchId], [userId], [quantityChange], [balanceAfter], [movementType], [reason], [purchaseOrderId], [createdAt]) VALUES (75, 2, 1, 3, -1, 76, 'VENTA', 'Venta registrada con Folio: V-847964362', NULL, '2026-06-04 12:30:50.412');
INSERT INTO [dbo].[Kardex] ([id], [productId], [branchId], [userId], [quantityChange], [balanceAfter], [movementType], [reason], [purchaseOrderId], [createdAt]) VALUES (76, 3, 1, 3, -1, 98, 'VENTA', 'Venta registrada con Folio: V-179726204', NULL, '2026-06-04 12:36:21.684');
INSERT INTO [dbo].[Kardex] ([id], [productId], [branchId], [userId], [quantityChange], [balanceAfter], [movementType], [reason], [purchaseOrderId], [createdAt]) VALUES (77, 3, 1, 3, -1, 97, 'VENTA', 'Venta registrada con Folio: V-067811213', NULL, '2026-06-04 12:51:09.831');
INSERT INTO [dbo].[Kardex] ([id], [productId], [branchId], [userId], [quantityChange], [balanceAfter], [movementType], [reason], [purchaseOrderId], [createdAt]) VALUES (78, 3, 1, 3, -1, 96, 'VENTA', 'Venta registrada con Folio: V-396461448', NULL, '2026-06-04 12:56:38.285');
INSERT INTO [dbo].[Kardex] ([id], [productId], [branchId], [userId], [quantityChange], [balanceAfter], [movementType], [reason], [purchaseOrderId], [createdAt]) VALUES (79, 3, 1, 3, -1, 95, 'VENTA', 'Venta registrada con Folio: V-870972240', NULL, '2026-06-04 13:04:32.808');
INSERT INTO [dbo].[Kardex] ([id], [productId], [branchId], [userId], [quantityChange], [balanceAfter], [movementType], [reason], [purchaseOrderId], [createdAt]) VALUES (80, 12, 2, 1, 50, 50, 'COMPRA', 'Costo unit: $20.00', NULL, '2026-06-04 13:15:04.571');
INSERT INTO [dbo].[Kardex] ([id], [productId], [branchId], [userId], [quantityChange], [balanceAfter], [movementType], [reason], [purchaseOrderId], [createdAt]) VALUES (81, 8, 1, 3, -3, 74, 'VENTA', 'Venta registrada con Folio: V-945704313', NULL, '2026-06-04 13:39:07.599');
INSERT INTO [dbo].[Kardex] ([id], [productId], [branchId], [userId], [quantityChange], [balanceAfter], [movementType], [reason], [purchaseOrderId], [createdAt]) VALUES (82, 6, 1, 3, -1, 122, 'VENTA', 'Venta registrada con Folio: V-015105987', NULL, '2026-06-04 13:40:16.950');
INSERT INTO [dbo].[Kardex] ([id], [productId], [branchId], [userId], [quantityChange], [balanceAfter], [movementType], [reason], [purchaseOrderId], [createdAt]) VALUES (83, 8, 1, 3, -1, 73, 'VENTA', 'Venta registrada con Folio: V-065890187', NULL, '2026-06-04 13:41:07.784');
INSERT INTO [dbo].[Kardex] ([id], [productId], [branchId], [userId], [quantityChange], [balanceAfter], [movementType], [reason], [purchaseOrderId], [createdAt]) VALUES (84, 8, 1, 3, -1, 72, 'VENTA', 'Venta registrada con Folio: V-285340762', NULL, '2026-06-04 13:44:47.169');
INSERT INTO [dbo].[Kardex] ([id], [productId], [branchId], [userId], [quantityChange], [balanceAfter], [movementType], [reason], [purchaseOrderId], [createdAt]) VALUES (85, 8, 1, 3, -1, 71, 'VENTA', 'Venta registrada con Folio: V-298412713', NULL, '2026-06-04 13:45:00.377');
INSERT INTO [dbo].[Kardex] ([id], [productId], [branchId], [userId], [quantityChange], [balanceAfter], [movementType], [reason], [purchaseOrderId], [createdAt]) VALUES (87, 3, 1, 3, -1, 94, 'VENTA', 'Venta registrada con Folio: V-074662301', NULL, '2026-06-04 13:57:56.568');
INSERT INTO [dbo].[Kardex] ([id], [productId], [branchId], [userId], [quantityChange], [balanceAfter], [movementType], [reason], [purchaseOrderId], [createdAt]) VALUES (89, 1, 1, 3, -2, 104, 'VENTA', 'Venta registrada con Folio: V-375179329', NULL, '2026-06-04 14:02:57.538');
INSERT INTO [dbo].[Kardex] ([id], [productId], [branchId], [userId], [quantityChange], [balanceAfter], [movementType], [reason], [purchaseOrderId], [createdAt]) VALUES (91, 1, 1, 1, 6, 110, 'COMPRA', 'Compra 1235ss de Coca cola. Costo unit: $12.50', 1, '2026-06-04 14:37:12.762');
INSERT INTO [dbo].[Kardex] ([id], [productId], [branchId], [userId], [quantityChange], [balanceAfter], [movementType], [reason], [purchaseOrderId], [createdAt]) VALUES (92, 8, 1, 1, 10, 81, 'COMPRA', 'Compra as456aas de Coca cola. Costo unit: $8.00', 2, '2026-06-04 14:39:24.191');
INSERT INTO [dbo].[Kardex] ([id], [productId], [branchId], [userId], [quantityChange], [balanceAfter], [movementType], [reason], [purchaseOrderId], [createdAt]) VALUES (93, 1, 1, 1, 10, 120, 'COMPRA', 'Compra as456aas de Coca cola. Costo unit: $12.50', 2, '2026-06-04 14:39:25.207');
INSERT INTO [dbo].[Kardex] ([id], [productId], [branchId], [userId], [quantityChange], [balanceAfter], [movementType], [reason], [purchaseOrderId], [createdAt]) VALUES (95, 1, 1, 3, 2, 122, 'DEVOLUCION', 'Devolución Vendible Folio: DEV-279004534. Autorizó: Administrador LYFRGL.', NULL, '2026-06-04 15:08:00.521');
INSERT INTO [dbo].[Kardex] ([id], [productId], [branchId], [userId], [quantityChange], [balanceAfter], [movementType], [reason], [purchaseOrderId], [createdAt]) VALUES (96, 2, 1, 3, -1, 75, 'VENTA', 'Venta registrada con Folio: V-490939763', NULL, '2026-06-04 15:44:53.150');
INSERT INTO [dbo].[Kardex] ([id], [productId], [branchId], [userId], [quantityChange], [balanceAfter], [movementType], [reason], [purchaseOrderId], [createdAt]) VALUES (97, 2, 1, 3, -1, 74, 'VENTA', 'Venta registrada con Folio: V-831702401', NULL, '2026-06-04 15:50:33.938');
INSERT INTO [dbo].[Kardex] ([id], [productId], [branchId], [userId], [quantityChange], [balanceAfter], [movementType], [reason], [purchaseOrderId], [createdAt]) VALUES (98, 1, 1, 3, -2, 120, 'VENTA', 'Venta registrada con Folio: V-927553648', NULL, '2026-06-04 16:08:49.850');
INSERT INTO [dbo].[Kardex] ([id], [productId], [branchId], [userId], [quantityChange], [balanceAfter], [movementType], [reason], [purchaseOrderId], [createdAt]) VALUES (99, 14, 1, 1, 10, 10, 'COMPRA', 'Compra ahujsi654 de Hielin Hielo. Costo unit: $45.00', 3, '2026-06-04 16:12:50.541');
INSERT INTO [dbo].[Kardex] ([id], [productId], [branchId], [userId], [quantityChange], [balanceAfter], [movementType], [reason], [purchaseOrderId], [createdAt]) VALUES (100, 2, 1, 3, 1, 75, 'DEVOLUCION', 'Cancelación Venta Folio: V-831702401. Autorizó: Administrador LYFRGL. Motivo: Pago incompleto', NULL, '2026-06-04 16:47:16.975');
INSERT INTO [dbo].[Kardex] ([id], [productId], [branchId], [userId], [quantityChange], [balanceAfter], [movementType], [reason], [purchaseOrderId], [createdAt]) VALUES (101, 2, 1, 3, -2, 73, 'VENTA', 'Venta registrada con Folio: V-251844843', NULL, '2026-06-04 16:47:34.040');
INSERT INTO [dbo].[Kardex] ([id], [productId], [branchId], [userId], [quantityChange], [balanceAfter], [movementType], [reason], [purchaseOrderId], [createdAt]) VALUES (102, 2, 1, 3, -3, 70, 'VENTA', 'Venta registrada con Folio: V-311378502', NULL, '2026-06-04 17:21:53.775');
INSERT INTO [dbo].[Kardex] ([id], [productId], [branchId], [userId], [quantityChange], [balanceAfter], [movementType], [reason], [purchaseOrderId], [createdAt]) VALUES (103, 2, 1, 3, -1, 69, 'VENTA', 'Venta registrada con Folio: V-474533239', NULL, '2026-06-04 17:24:36.762');
INSERT INTO [dbo].[Kardex] ([id], [productId], [branchId], [userId], [quantityChange], [balanceAfter], [movementType], [reason], [purchaseOrderId], [createdAt]) VALUES (104, 2, 1, 3, -1, 68, 'VENTA', 'Venta registrada con Folio: V-541132675', NULL, '2026-06-04 17:25:43.360');
INSERT INTO [dbo].[Kardex] ([id], [productId], [branchId], [userId], [quantityChange], [balanceAfter], [movementType], [reason], [purchaseOrderId], [createdAt]) VALUES (105, 2, 1, 3, 2, 70, 'DEVOLUCION', 'Devolución Vendible Folio: DEV-718015325. Autorizó: Administrador LYFRGL.', NULL, '2026-06-04 17:28:39.541');
INSERT INTO [dbo].[Kardex] ([id], [productId], [branchId], [userId], [quantityChange], [balanceAfter], [movementType], [reason], [purchaseOrderId], [createdAt]) VALUES (106, 1, 1, 1, 10, 130, 'COMPRA', 'Compra A123F de Coca cola. Costo unit: $12.50', 4, '2026-06-04 17:38:34.683');
INSERT INTO [dbo].[Kardex] ([id], [productId], [branchId], [userId], [quantityChange], [balanceAfter], [movementType], [reason], [purchaseOrderId], [createdAt]) VALUES (107, 2, 1, 3, -1, 69, 'VENTA', 'Venta registrada con Folio: V-158996752', NULL, '2026-06-04 18:09:21.893');
INSERT INTO [dbo].[Kardex] ([id], [productId], [branchId], [userId], [quantityChange], [balanceAfter], [movementType], [reason], [purchaseOrderId], [createdAt]) VALUES (108, 2, 1, 3, -1, 68, 'VENTA', 'Venta registrada con Folio: V-431431218', NULL, '2026-06-04 18:13:53.681');
INSERT INTO [dbo].[Kardex] ([id], [productId], [branchId], [userId], [quantityChange], [balanceAfter], [movementType], [reason], [purchaseOrderId], [createdAt]) VALUES (109, 1, 1, 3, -1, 129, 'VENTA', 'Venta registrada con Folio: V-110015368', NULL, '2026-06-05 09:08:30.130');
INSERT INTO [dbo].[Kardex] ([id], [productId], [branchId], [userId], [quantityChange], [balanceAfter], [movementType], [reason], [purchaseOrderId], [createdAt]) VALUES (1121, 6, 1, 3, -1, 121, 'VENTA', 'Venta registrada con Folio: V-825792657', NULL, '2026-06-05 11:00:25.848');
INSERT INTO [dbo].[Kardex] ([id], [productId], [branchId], [userId], [quantityChange], [balanceAfter], [movementType], [reason], [purchaseOrderId], [createdAt]) VALUES (1122, 1, 1, 3, -1, 128, 'VENTA', 'Venta registrada con Folio: V-936630505', NULL, '2026-06-05 11:02:19.697');
INSERT INTO [dbo].[Kardex] ([id], [productId], [branchId], [userId], [quantityChange], [balanceAfter], [movementType], [reason], [purchaseOrderId], [createdAt]) VALUES (1133, 1, 1, 3, -2, 126, 'VENTA', 'Venta registrada con Folio: V-755866509', NULL, '2026-06-05 11:32:37.813');
INSERT INTO [dbo].[Kardex] ([id], [productId], [branchId], [userId], [quantityChange], [balanceAfter], [movementType], [reason], [purchaseOrderId], [createdAt]) VALUES (1136, 2, 1, 3, -1, 67, 'VENTA', 'Venta registrada con Folio: V-821248416', NULL, '2026-06-05 11:33:41.316');
INSERT INTO [dbo].[Kardex] ([id], [productId], [branchId], [userId], [quantityChange], [balanceAfter], [movementType], [reason], [purchaseOrderId], [createdAt]) VALUES (1137, 2, 1, 3, -1, 66, 'VENTA', 'Venta registrada con Folio: V-899085695', NULL, '2026-06-05 11:34:59.151');
INSERT INTO [dbo].[Kardex] ([id], [productId], [branchId], [userId], [quantityChange], [balanceAfter], [movementType], [reason], [purchaseOrderId], [createdAt]) VALUES (1138, 6, 1, 1, -3, 118, 'TRASPASO_SALIDA', 'Traslado a Sucursal Norte LYFRGL', NULL, '2026-06-05 11:39:14.156');
INSERT INTO [dbo].[Kardex] ([id], [productId], [branchId], [userId], [quantityChange], [balanceAfter], [movementType], [reason], [purchaseOrderId], [createdAt]) VALUES (1139, 6, 2, 1, 3, 190, 'TRASPASO_ENTRADA', 'Traslado desde Sucursal Centro LYFRGL', NULL, '2026-06-05 11:39:15.469');
INSERT INTO [dbo].[Kardex] ([id], [productId], [branchId], [userId], [quantityChange], [balanceAfter], [movementType], [reason], [purchaseOrderId], [createdAt]) VALUES (1140, 6, 1, 1, -4, 114, 'TRASPASO_SALIDA', 'Traslado a Sucursal Norte LYFRGL', NULL, '2026-06-05 11:39:39.000');
INSERT INTO [dbo].[Kardex] ([id], [productId], [branchId], [userId], [quantityChange], [balanceAfter], [movementType], [reason], [purchaseOrderId], [createdAt]) VALUES (1141, 6, 2, 1, 4, 194, 'TRASPASO_ENTRADA', 'Traslado desde Sucursal Centro LYFRGL', NULL, '2026-06-05 11:39:40.633');
INSERT INTO [dbo].[Kardex] ([id], [productId], [branchId], [userId], [quantityChange], [balanceAfter], [movementType], [reason], [purchaseOrderId], [createdAt]) VALUES (1142, 6, 1, 1, -3, 111, 'AJUSTE_MERMA', 'Otro', NULL, '2026-06-05 11:41:43.004');
INSERT INTO [dbo].[Kardex] ([id], [productId], [branchId], [userId], [quantityChange], [balanceAfter], [movementType], [reason], [purchaseOrderId], [createdAt]) VALUES (1143, 1, 1, 11, -1, 125, 'VENTA', 'Venta registrada con Folio: V-335699493', NULL, '2026-06-05 11:42:17.853');
INSERT INTO [dbo].[Kardex] ([id], [productId], [branchId], [userId], [quantityChange], [balanceAfter], [movementType], [reason], [purchaseOrderId], [createdAt]) VALUES (1144, 1, 1, 11, -1, 124, 'VENTA', 'Venta registrada con Folio: V-197403427', NULL, '2026-06-05 11:56:39.464');
INSERT INTO [dbo].[Kardex] ([id], [productId], [branchId], [userId], [quantityChange], [balanceAfter], [movementType], [reason], [purchaseOrderId], [createdAt]) VALUES (1147, 1, 1, 11, -1, 123, 'VENTA', 'Venta registrada con Folio: V-420753529', NULL, '2026-06-05 12:00:22.803');
INSERT INTO [dbo].[Kardex] ([id], [productId], [branchId], [userId], [quantityChange], [balanceAfter], [movementType], [reason], [purchaseOrderId], [createdAt]) VALUES (1148, 1, 1, 11, -1, 122, 'VENTA', 'Venta registrada con Folio: V-428024533', NULL, '2026-06-05 12:00:30.483');
INSERT INTO [dbo].[Kardex] ([id], [productId], [branchId], [userId], [quantityChange], [balanceAfter], [movementType], [reason], [purchaseOrderId], [createdAt]) VALUES (1149, 2, 1, 11, -1, 65, 'VENTA', 'Venta registrada con Folio: V-428024533', NULL, '2026-06-05 12:00:32.838');
INSERT INTO [dbo].[Kardex] ([id], [productId], [branchId], [userId], [quantityChange], [balanceAfter], [movementType], [reason], [purchaseOrderId], [createdAt]) VALUES (1150, 1, 1, 3, -2, 120, 'VENTA', 'Venta registrada con Folio: V-025747106', NULL, '2026-06-05 12:10:28.001');
INSERT INTO [dbo].[Kardex] ([id], [productId], [branchId], [userId], [quantityChange], [balanceAfter], [movementType], [reason], [purchaseOrderId], [createdAt]) VALUES (1151, 8, 1, 3, -1, 80, 'VENTA', 'Venta registrada con Folio: V-097224876', NULL, '2026-06-05 12:11:39.683');
INSERT INTO [dbo].[Kardex] ([id], [productId], [branchId], [userId], [quantityChange], [balanceAfter], [movementType], [reason], [purchaseOrderId], [createdAt]) VALUES (1152, 8, 1, 3, -1, 79, 'VENTA', 'Venta registrada con Folio: V-510837812', NULL, '2026-06-05 12:18:33.456');
INSERT INTO [dbo].[Kardex] ([id], [productId], [branchId], [userId], [quantityChange], [balanceAfter], [movementType], [reason], [purchaseOrderId], [createdAt]) VALUES (1153, 7, 1, 3, -1, 95, 'VENTA', 'Venta registrada con Folio: V-510837812', NULL, '2026-06-05 12:18:35.254');
INSERT INTO [dbo].[Kardex] ([id], [productId], [branchId], [userId], [quantityChange], [balanceAfter], [movementType], [reason], [purchaseOrderId], [createdAt]) VALUES (1154, 8, 1, 3, -1, 78, 'VENTA', 'Venta registrada con Folio: V-526088335', NULL, '2026-06-05 12:18:48.749');
INSERT INTO [dbo].[Kardex] ([id], [productId], [branchId], [userId], [quantityChange], [balanceAfter], [movementType], [reason], [purchaseOrderId], [createdAt]) VALUES (1155, 7, 1, 3, -1, 94, 'VENTA', 'Venta registrada con Folio: V-526088335', NULL, '2026-06-05 12:18:50.594');

SET IDENTITY_INSERT [dbo].[Kardex] OFF;
GO

